Year,ID,STATION NAME,STATION LOCATION,AIR INTAKE,Ambient,Road-side,CAAQS,NAPS,AQHI/AQI,O3,PM2.5,NO2,SO2,CO,TRS,,
2022,12008,WINDSOR DOWNTOWN,467 UNIVERSITY AVE. W. ,4,Y,Y,Y,Y,Y,R,R,R,R,R,NR,,
2022,12016,WINDSOR WEST,COLLEGE AVE./SOUTH ST.,4,Y,N,N,Y,Y,R,R,R,R,NR,R,,
2022,13001,CHATHAM,435 GRAND AVE. W.,15,Y,N,Y,Y,Y,R,R,R,NR,NR,NR,,
2022,14111,SARNIA,700 CHRISTINA ST. N.,3,Y,N,Y,Y,Y,R,R,R,R,NR,R,,
2022,15020,GRAND BEND,POINT BLAKE CONSERVATION AREA,5,Y,N,N,Y,Y,R,R,R,NR,NR,NR,,
2022,15026,LONDON,42 ST. JULIEN ST.,5,Y,N,Y,Y,Y,R,R,R,NR,NR,NR,,
2022,16015,PORT STANLEY,"43665 DEXTER LINE, ELGIN WATER T. PLANT",5,Y,N,N,Y,Y,R,R,R,NR,NR,NR,,
2022,18007,TIVERTON,4th CONCESSION/BRUCE RD. 23,4,Y,N,N,Y,Y,R,R,NR,NR,NR,NR,,
2022,21005,BRANTFORD,324 GRAND RIVER AVE.,5,Y,N,Y,Y,Y,R,R,R,NR,NR,NR,,
2022,26060,KITCHENER,WEST AVE./HOMEWOOD AVE. ,5,Y,N,Y,Y,Y,R,R,R,NR,NR,NR,,
2022,27067,ST. CATHARINES,"ARGYLE CRES., PUMP STN.",4,Y,N,Y,Y,Y,R,R,R,NR,NR,NR,,
2022,28028,GUELPH,EXHIBITION ST./CLARK ST. W. ,4,Y,N,Y,Y,Y,R,R,R,NR,NR,NR,,
2022,29000,HAMILTON DOWNTOWN,ELGIN ST./KELLY ST. ,4,Y,Y,Y,Y,Y,R,R,R,R,R,R,,
2022,29118,HAMILTON WEST,MAIN ST. W./HWY 403,3,Y,Y,N,Y,Y,R,R,R,NR,NR,NR,,
2022,29214,HAMILTON MOUNTAIN,250 FENNELL AVE. W.,3,Y,N,Y,Y,Y,R,R,R,R,NR,NR,,
2022,31129,TORONTO DOWNTOWN,"55 JOHN ST., METRO HALL",2,Y,Y,Y,Y,Y,R,R,R,NR,NR,NR,,
2022,33003,TORONTO EAST,KENNEDY RD./LAWRENCE AVE. E. ,4,Y,Y,Y,Y,Y,R,R,R,NR,NR,NR,,
2022,34021,TORONTO NORTH,"4905 DUFFERIN ST., ECCC",5,Y,Y,Y,Y,Y,R,R,R,R,R,NR,,
2022,35125,TORONTO WEST,125 RESOURCES RD.,8,Y,Y,Y,Y,Y,R,R,R,R,R,NR,,
2022,44008,BURLINGTON,NORTH SHORE BLVD. E./LAKESHORE RD. ,5,Y,N,Y,Y,Y,R,R,R,NR,NR,NR,,
2022,44017,OAKVILLE,"EIGHTH LINE/GLENASHTON DR., HALTON RESERVOIR",12,Y,N,Y,Y,Y,R,R,R,NR,NR,NR,,
2022,44029,MILTON,1120 MAIN ST. E.,4,Y,N,Y,Y,Y,R,R,R,R,NR,NR,,
2022,45027,OSHAWA,"BRITTANIA AVE. W., EP TAYLOR STABLES",7,Y,N,Y,Y,Y,R,R,R,NR,NR,NR,,
2022,46090,BRAMPTON,109 McLAUGHLIN RD. S.,5,Y,N,Y,Y,Y,R,R,R,NR,NR,NR,,
2022,46108,MISSISSAUGA,"3359 MISSISSAUGA RD. N., U OF T CAMPUS",5,Y,N,Y,Y,Y,R,R,R,NR,NR,NR,,
2022,47045,BARRIE,83 PERRY ST.,5,Y,N,Y,Y,Y,R,R,R,NR,NR,NR,,
2022,48006,NEWMARKET,EAGLE ST. W./McCAFFREY RD.,5,Y,N,N,Y,Y,R,R,R,NR,NR,NR,,
2022,49005,PARRY SOUND,7 BAY ST.,5,Y,N,N,Y,Y,R,R,R,NR,NR,NR,,
2022,49010,DORSET,1026 BELLWOOD ACRES RD.,3,Y,N,N,Y,Y,R,R,NR,NR,NR,NR,,
2022,51001,OTTAWA DOWNTOWN,RIDEAU ST./WURTEMBURG ST.,4,Y,N,Y,Y,Y,R,R,R,R,NR,NR,,
2022,52023,KINGSTON,23 BEECHGROVE LANE,5,Y,N,Y,Y,Y,R,R,R,NR,NR,NR,,
2022,54012,BELLEVILLE,"2 SIDNEY ST., WATER TREATMENT PLANT",10,Y,N,N,Y,Y,R,R,R,NR,NR,NR,,
2022,56051,CORNWALL,BEDFORD ST./3RD ST. W.,4,Y,N,N,Y,Y,R,R,R,NR,NR,NR,,
2022,59006,PETERBOROUGH,10 HOSPITAL DR.,10,Y,N,Y,Y,Y,R,R,R,NR,NR,NR,,
2022,63203,THUNDER BAY,421 JAMES ST. S. ,15,Y,Y,Y,Y,Y,R,R,R,NR,NR,NR,,
2022,71078,SAULT STE. MARIE,SAULT COLLEGE,8,Y,N,Y,Y,Y,R,R,R,R,NR,R,,
2022,75010,NORTH BAY,"CHIPPEWA ST. W., DEPT. NATIONAL DEFENCE",4,Y,Y,N,Y,Y,R,R,R,NR,NR,NR,,
2022,77233,SUDBURY,155 ELM ST.,3,Y,N,Y,Y,Y,R,R,R,R,NR,NR,,
2021,12008,WINDSOR DOWNTOWN,467 UNIVERSITY AVE. W. ,4,Y,Y,Y,Y,Y,R,R,R,R,R,NR,,
2021,12016,WINDSOR WEST,COLLEGE AVE./SOUTH ST.,4,Y,N,N,Y,Y,R,R,R,R,NR,R,,
2021,13001,CHATHAM,435 GRAND AVE. W.,15,Y,N,Y,Y,Y,R,R,R,NR,NR,NR,,
2021,14111,SARNIA,700 CHRISTINA ST. N.,3,Y,N,Y,Y,Y,R,R,R,R,NR,R,,
2021,15020,GRAND BEND,POINT BLAKE CONSERVATION AREA,5,Y,N,N,Y,Y,R,R,R,NR,NR,NR,,
2021,15026,LONDON,42 ST. JULIEN ST.,5,Y,N,Y,Y,Y,R,R,R,NR,NR,NR,,
2021,16015,PORT STANLEY,"43665 DEXTER LINE, ELGIN WATER T. PLANT",5,Y,N,N,Y,Y,R,R,R,NR,NR,NR,,
2021,18007,TIVERTON,4th CONCESSION/BRUCE RD. 23,4,Y,N,N,Y,Y,R,R,NR,NR,NR,NR,,
2021,21005,BRANTFORD,324 GRAND RIVER AVE.,5,Y,N,Y,Y,Y,R,R,R,NR,NR,NR,,
2021,26060,KITCHENER,WEST AVE./HOMEWOOD AVE. ,5,Y,N,Y,Y,Y,R,R,R,NR,NR,NR,,
2021,27067,ST. CATHARINES,"ARGYLE CRES., PUMP STN.",4,Y,N,Y,Y,Y,R,R,R,NR,NR,NR,,
2021,28028,GUELPH,EXHIBITION ST./CLARK ST. W. ,4,Y,N,Y,Y,Y,R,R,R,NR,NR,NR,,
2021,29000,HAMILTON DOWNTOWN,ELGIN ST./KELLY ST. ,4,Y,Y,Y,Y,Y,R,R,R,R,R,R,,
2021,29118,HAMILTON WEST,MAIN ST. W./HWY 403,3,Y,Y,N,Y,Y,R,R,R,NR,NR,NR,,
2021,29214,HAMILTON MOUNTAIN,250 FENNELL AVE. W.,3,Y,N,Y,Y,Y,R,R,R,R,NR,NR,,
2021,31129,TORONTO DOWNTOWN,"55 JOHN ST., METRO HALL",2,Y,Y,Y,Y,Y,R,R,R,NR,NR,NR,,
2021,33003,TORONTO EAST,KENNEDY RD./LAWRENCE AVE. E. ,4,Y,Y,Y,Y,Y,R,R,R,NR,NR,NR,,
2021,34021,TORONTO NORTH,"4905 DUFFERIN ST., ECCC",5,Y,Y,Y,Y,Y,R,R,R,R,R,NR,,
2021,35125,TORONTO WEST,125 RESOURCES RD.,8,Y,Y,Y,Y,Y,R,R,R,R,R,NR,,
2021,44008,BURLINGTON,NORTH SHORE BLVD. E./LAKESHORE RD. ,5,Y,N,Y,Y,Y,R,R,R,NR,NR,NR,,
2021,44017,OAKVILLE,"EIGHTH LINE/GLENASHTON DR., HALTON RESERVOIR",12,Y,N,Y,Y,Y,R,R,R,NR,NR,NR,,
2021,44029,MILTON,1120 MAIN ST. E.,4,Y,N,Y,Y,Y,R,R,R,R,NR,NR,,
2021,45027,OSHAWA,"BRITTANIA AVE. W., EP TAYLOR STABLES",7,Y,N,Y,Y,Y,R,R,R,NR,NR,NR,,
2021,46090,BRAMPTON,109 McLAUGHLIN RD. S.,5,Y,N,Y,Y,Y,R,R,R,NR,NR,NR,,
2021,46108,MISSISSAUGA,"3359 MISSISSAUGA RD. N., U OF T CAMPUS",5,Y,N,Y,Y,Y,R,R,R,NR,NR,NR,,
2021,47045,BARRIE,83 PERRY ST.,5,Y,N,Y,Y,Y,R,R,R,NR,NR,NR,,
2021,48006,NEWMARKET,EAGLE ST. W./McCAFFREY RD.,5,Y,N,N,Y,Y,R,R,R,NR,NR,NR,,
2021,49005,PARRY SOUND,7 BAY ST.,5,Y,N,N,Y,Y,R,R,R,NR,NR,NR,,
2021,49010,DORSET,1026 BELLWOOD ACRES RD.,3,Y,N,N,Y,Y,R,R,NR,NR,NR,NR,,
2021,51001,OTTAWA DOWNTOWN,RIDEAU ST./WURTEMBURG ST.,4,Y,N,Y,Y,Y,R,R,R,R,R,NR,,
2021,51010,PETAWAWA,PETAWAWA RESEARCH FOREST FACILITY,6,Y,N,N,Y,Y,R,R,NR,NR,NR,NR,,
2021,52023,KINGSTON,23 BEECHGROVE LANE,5,Y,N,Y,Y,Y,R,R,R,NR,NR,NR,,
2021,54012,BELLEVILLE,"2 SIDNEY ST., WATER TREATMENT PLANT",10,Y,N,N,Y,Y,R,R,R,NR,NR,NR,,
2021,56051,CORNWALL,BEDFORD ST./3RD ST. W.,4,Y,N,N,Y,Y,R,R,R,NR,NR,NR,,
2021,59006,PETERBOROUGH,10 HOSPITAL DR.,10,Y,N,Y,Y,Y,R,R,R,NR,NR,NR,,
2021,63203,THUNDER BAY,421 JAMES ST. S. ,15,Y,Y,Y,Y,Y,R,R,R,NR,NR,NR,,
2021,71078,SAULT STE. MARIE,SAULT COLLEGE,8,Y,N,Y,Y,Y,R,R,R,R,NR,R,,
2021,75010,NORTH BAY,"CHIPPEWA ST. W., DEPT. NATIONAL DEFENCE",4,Y,Y,N,Y,Y,R,R,R,NR,NR,NR,,
2021,77233,SUDBURY,155 ELM ST.,3,Y,N,Y,Y,Y,R,R,R,R,NR,NR,,
2020,12008,WINDSOR DOWNTOWN,467 UNIVERSITY AVE. W. ,4,Y,Y,Y,Y,Y,R,R,R,R,R,NR,,
2020,12016,WINDSOR WEST,COLLEGE AVE./SOUTH ST.,4,Y,N,N,Y,Y,R,R,R,R,NR,R,,
2020,13001,CHATHAM,435 GRAND AVE. W.,15,Y,N,Y,Y,Y,R,R,R,NR,NR,NR,,
2020,14111,SARNIA,700 CHRISTINA ST. N.,3,Y,N,Y,Y,Y,R,R,R,R,NR,R,,
2020,15020,GRAND BEND,POINT BLAKE CONSERVATION AREA,5,Y,N,N,Y,Y,R,R,R,NR,NR,NR,,
2020,15026,LONDON,42 ST. JULIEN ST.,5,Y,N,Y,Y,Y,R,R,R,NR,NR,NR,,
2020,16015,PORT STANLEY,"43665 DEXTER LINE, ELGIN WATER T. PLANT",5,Y,N,N,Y,Y,R,R,R,NR,NR,NR,,
2020,18007,TIVERTON,4th CONCESSION/BRUCE RD. 23,4,Y,N,N,Y,Y,R,R,NR,NR,NR,NR,,
2020,21005,BRANTFORD,324 GRAND RIVER AVE.,5,Y,N,Y,Y,Y,R,R,R,NR,NR,NR,,
2020,26060,KITCHENER,WEST AVE./HOMEWOOD AVE. ,5,Y,N,Y,Y,Y,R,R,R,NR,NR,NR,,
2020,27067,ST. CATHARINES,"ARGYLE CRES., PUMP STN.",4,Y,N,Y,Y,Y,R,R,R,NR,NR,NR,,
2020,28028,GUELPH,EXHIBITION ST./CLARK ST. W. ,4,Y,N,Y,Y,Y,R,R,R,NR,NR,NR,,
2020,29000,HAMILTON DOWNTOWN,ELGIN ST./KELLY ST. ,4,Y,Y,Y,Y,Y,R,R,R,R,R,R,,
2020,29118,HAMILTON WEST,MAIN ST. W./HWY 403,3,Y,Y,N,Y,Y,R,R,R,NR,NR,NR,,
2020,29214,HAMILTON MOUNTAIN,250 FENNELL AVE. W.,3,Y,N,Y,Y,Y,R,R,R,T,NR,NR,,
2020,31129,TORONTO DOWNTOWN,"55 JOHN ST., METRO HALL",2,Y,Y,Y,Y,Y,R,R,R,NR,NR,NR,,
2020,33003,TORONTO EAST,KENNEDY RD./LAWRENCE AVE. E. ,4,Y,Y,Y,Y,Y,R,R,R,NR,NR,NR,,
2020,34021,TORONTO NORTH,"4905 DUFFERIN ST., ECCC",5,Y,Y,Y,Y,Y,R,R,R,R,R,NR,,
2020,35125,TORONTO WEST,125 RESOURCES RD.,8,Y,Y,Y,Y,Y,R,R,R,R,R,NR,,
2020,44008,BURLINGTON,NORTH SHORE BLVD. E./LAKESHORE RD. ,5,Y,N,Y,Y,Y,R,R,R,NR,NR,NR,,
2020,44017,OAKVILLE,"EIGHTH LINE/GLENASHTON DR., HALTON RESERVOIR",12,Y,N,Y,Y,Y,R,R,R,NR,NR,NR,,
2020,44029,MILTON,1120 MAIN ST. E.,4,Y,N,Y,Y,Y,R,R,R,R,NR,NR,,
2020,45027,OSHAWA,"BRITTANIA AVE. W., EP TAYLOR STABLES",7,Y,N,Y,Y,Y,R,R,R,NR,NR,NR,,
2020,46090,BRAMPTON,109 McLAUGHLIN RD. S.,5,Y,N,Y,Y,Y,R,R,R,NR,NR,NR,,
2020,46108,MISSISSAUGA,"3359 MISSISSAUGA RD. N., U OF T CAMPUS",5,Y,N,Y,Y,Y,R,R,R,NR,NR,NR,,
2020,47045,BARRIE,83 PERRY ST.,5,Y,N,Y,Y,Y,R,R,R,NR,NR,NR,,
2020,48006,NEWMARKET,EAGLE ST. W./McCAFFREY RD.,5,Y,N,N,Y,Y,R,R,R,NR,NR,NR,,
2020,49005,PARRY SOUND,7 BAY ST.,5,Y,N,N,Y,Y,R,R,R,NR,NR,NR,,
2020,49010,DORSET,1026 BELLWOOD ACRES RD.,3,Y,N,N,Y,Y,R,R,NR,NR,NR,NR,,
2020,51001,OTTAWA DOWNTOWN,RIDEAU ST./WURTEMBURG ST.,4,Y,N,Y,Y,Y,R,R,R,R,R,NR,,
2020,51010,PETAWAWA,PETAWAWA RESEARCH FOREST FACILITY,6,Y,N,N,Y,Y,R,R,NR,NR,NR,NR,,
2020,52023,KINGSTON,23 BEECHGROVE LANE,5,Y,N,Y,Y,Y,R,R,R,NR,NR,NR,,
2020,54012,BELLEVILLE,"2 SIDNEY ST., WATER TREATMENT PLANT",10,Y,N,N,Y,Y,R,R,R,NR,NR,NR,,
2020,56051,CORNWALL,BEDFORD ST./3RD ST. W.,4,Y,N,N,Y,Y,R,R,R,NR,NR,NR,,
2020,59006,PETERBOROUGH,10 HOSPITAL DR.,10,Y,N,Y,Y,Y,R,R,R,NR,NR,NR,,
2020,63203,THUNDER BAY,421 JAMES ST. S. ,15,Y,Y,Y,Y,Y,R,R,R,NR,NR,NR,,
2020,71078,SAULT STE. MARIE,SAULT COLLEGE,8,Y,N,Y,Y,Y,R,R,R,R,NR,R,,
2020,75010,NORTH BAY,"CHIPPEWA ST. W., DEPT. NATIONAL DEFENCE",4,Y,Y,N,Y,Y,R,R,R,NR,NR,NR,,
2020,77233,SUDBURY,155 ELM ST.,3,Y,N,Y,Y,Y,R,R,R,R,NR,NR,,
2019,12008,WINDSOR DOWNTOWN,467 UNIVERSITY AVE. W. ,4,Y,Y,Y,Y,Y,R,R,R,R,R,NR,,
2019,12016,WINDSOR WEST,COLLEGE AVE./SOUTH ST.,4,Y,N,N,Y,Y,R,R,R,R,NR,R,,
2019,13001,CHATHAM,435 GRAND AVE. W.,15,Y,N,Y,Y,Y,R,R,R,NR,NR,NR,,
2019,14111,SARNIA,700 CHRISTINA ST. N.,3,Y,N,Y,Y,Y,R,R,R,R,NR,R,,
2019,15020,GRAND BEND,POINT BLAKE CONSERVATION AREA,5,Y,N,N,Y,Y,R,R,R,NR,NR,NR,,
2019,15026,LONDON,42 ST. JULIEN ST.,5,Y,N,Y,Y,Y,R,R,R,NR,NR,NR,,
2019,16015,PORT STANLEY,"43665 DEXTER LINE, ELGIN WATER T. PLANT",5,Y,N,N,Y,Y,R,R,R,NR,NR,NR,,
2019,18007,TIVERTON,4th CONCESSION/BRUCE RD. 23,4,Y,N,N,Y,Y,R,R,NR,NR,NR,NR,,
2019,21005,BRANTFORD,324 GRAND RIVER AVE.,5,Y,N,Y,Y,Y,R,R,R,NR,NR,NR,,
2019,26060,KITCHENER,WEST AVE./HOMEWOOD AVE. ,5,Y,N,Y,Y,Y,R,R,R,NR,NR,NR,,
2019,27067,ST. CATHARINES,"ARGYLE CRES., PUMP STN.",4,Y,N,Y,Y,Y,R,R,R,NR,NR,NR,,
2019,28028,GUELPH,EXHIBITION ST./CLARK ST. W. ,4,Y,N,Y,Y,Y,R,R,R,NR,NR,NR,,
2019,29000,HAMILTON DOWNTOWN,ELGIN ST./KELLY ST. ,4,Y,Y,Y,Y,Y,R,R,R,R,R,R,,
2019,29118,HAMILTON WEST,MAIN ST. W./HWY 403,3,Y,Y,N,Y,Y,R,R,R,NR,NR,NR,,
2019,29214,HAMILTON MOUNTAIN,250 FENNELL AVE. W.,3,Y,N,Y,Y,Y,R,R,R,T,NR,NR,,
2019,31103,TORONTO DOWNTOWN,BAY ST./WELLESLEY ST. W. ,10,Y,Y,Y,Y,Y,R,R,R,NR,NR,NR,,
2019,31129,TORONTO DOWNTOWN,"55 JOHN ST., METRO HALL",2,Y,Y,Y,Y,Y,R,R,R,NR,NR,NR,,
2019,33003,TORONTO EAST,KENNEDY RD./LAWRENCE AVE. E. ,4,Y,Y,Y,Y,Y,R,R,R,NR,NR,NR,,
2019,34021,TORONTO NORTH,"4905 DUFFERIN ST., ECCC",5,Y,Y,Y,Y,Y,R,R,R,R,R,NR,,
2019,35125,TORONTO WEST,125 RESOURCES RD.,8,Y,Y,Y,Y,Y,R,R,R,R,R,NR,,
2019,44008,BURLINGTON,NORTH SHORE BLVD. E./LAKESHORE RD. ,5,Y,N,Y,Y,Y,R,R,R,NR,NR,NR,,
2019,44017,OAKVILLE,"EIGHTH LINE/GLENASHTON DR., HALTON RESERVOIR",12,Y,N,Y,Y,Y,R,R,R,NR,NR,NR,,
2019,44029,MILTON,1120 MAIN ST. E.,4,Y,N,N,Y,Y,R,R,R,R,NR,NR,,
2019,45027,OSHAWA,"BRITTANIA AVE. W., EP TAYLOR STABLES",7,Y,N,Y,Y,Y,R,R,R,NR,NR,NR,,
2019,46090,BRAMPTON,109 McLAUGHLIN RD. S.,5,Y,N,Y,Y,Y,R,R,R,NR,NR,NR,,
2019,46108,MISSISSAUGA,"3359 MISSISSAUGA RD. N., U OF T CAMPUS",5,Y,N,Y,Y,Y,R,R,R,NR,NR,NR,,
2019,47045,BARRIE,83 PERRY ST.,5,Y,N,Y,Y,Y,R,R,R,NR,NR,NR,,
2019,48006,NEWMARKET,EAGLE ST. W./McCAFFREY RD.,5,Y,N,N,Y,Y,R,R,R,NR,NR,NR,,
2019,49005,PARRY SOUND,7 BAY ST.,5,Y,N,N,Y,Y,R,R,R,NR,NR,NR,,
2019,49010,DORSET,1026 BELLWOOD ACRES RD.,3,Y,N,N,Y,Y,R,R,NR,NR,NR,NR,,
2019,51001,OTTAWA DOWNTOWN,RIDEAU ST./WURTEMBURG ST.,4,Y,N,Y,Y,Y,R,R,R,R,R,NR,,
2019,51010,PETAWAWA,PETAWAWA RESEARCH FOREST FACILITY,6,Y,N,N,Y,Y,R,R,NR,NR,NR,NR,,
2019,52023,KINGSTON,23 BEECHGROVE LANE,5,Y,N,Y,Y,Y,R,R,R,NR,NR,NR,,
2019,54012,BELLEVILLE,"2 SIDNEY ST., WATER TREATMENT PLANT",10,Y,N,N,Y,Y,R,R,R,NR,NR,NR,,
2019,56051,CORNWALL,BEDFORD ST./3RD ST. W.,4,Y,N,N,Y,Y,R,R,R,NR,NR,NR,,
2019,59006,PETERBOROUGH,10 HOSPITAL DR.,10,Y,N,Y,Y,Y,R,R,R,NR,NR,NR,,
2019,63203,THUNDER BAY,421 JAMES ST. S. ,15,Y,Y,Y,Y,Y,R,R,R,NR,NR,NR,,
2019,71078,SAULT STE. MARIE,SAULT COLLEGE,8,Y,N,Y,Y,Y,R,R,R,R,NR,R,,
2019,75010,NORTH BAY,"CHIPPEWA ST. W., DEPT. NATIONAL DEFENCE",4,Y,Y,N,Y,Y,R,R,R,NR,NR,NR,,
2019,77233,SUDBURY,155 ELM ST.,3,Y,N,Y,Y,Y,R,R,R,R,NR,NR,,
2019,81103,TORONTO DOWNTOWN*,"185 COLLEGE ST., WALLBERG BLDG, U OF T",17,Y,Y,Y,Y,Y,R,R,R,NR,NR,NR,,
2018,12008,WINDSOR DOWNTOWN,467 UNIVERSITY AVE. W. ,4,Y,Y,Y,Y,Y,R,R,R,R,R,NR,,
2018,12016,WINDSOR WEST,COLLEGE AVE./SOUTH ST.,4,Y,N,N,Y,Y,R,R,R,R,NR,R,,
2018,13001,CHATHAM,435 GRAND AVE. W.,15,Y,N,Y,Y,Y,R,R,R,NR,NR,NR,,
2018,14111,SARNIA,700 CHRISTINA ST. N.,3,Y,N,Y,Y,Y,R,R,R,R,NR,R,,
2018,15020,GRAND BEND,POINT BLAKE CONSERVATION AREA,5,Y,N,N,Y,Y,R,R,R,NR,NR,NR,,
2018,15026,LONDON,42 ST. JULIEN ST.,5,Y,N,Y,Y,Y,R,R,R,NR,NR,NR,,
2018,16015,PORT STANLEY,"43665 DEXTER LINE, ELGIN WATER T. PLANT",5,Y,N,N,Y,Y,R,R,R,NR,NR,NR,,
2018,18007,TIVERTON,4th CONCESSION/BRUCE RD. 23,4,Y,N,N,Y,Y,R,R,NR,NR,NR,NR,,
2018,21005,BRANTFORD,324 GRAND RIVER AVE.,5,Y,N,Y,Y,Y,R,R,R,NR,NR,NR,,
2018,26060,KITCHENER,WEST AVE./HOMEWOOD AVE. ,5,Y,N,Y,Y,Y,R,R,R,NR,NR,NR,,
2018,27067,ST. CATHARINES,"ARGYLE CRES., PUMP STN.",4,Y,N,Y,Y,Y,R,R,R,NR,NR,NR,,
2018,28028,GUELPH,EXHIBITION ST./CLARK ST. W. ,4,Y,N,Y,Y,Y,R,R,R,NR,NR,NR,,
2018,29000,HAMILTON DOWNTOWN,ELGIN ST./KELLY ST. ,4,Y,Y,Y,Y,Y,R,R,R,R,R,R,,
2018,29114,HAMILTON MOUNTAIN,VICKERS RD./E. 18TH ST.,3,Y,N,Y,Y,Y,R,R,R,R,NR,NR,,
2018,29118,HAMILTON WEST,MAIN ST. W./HWY 403,3,Y,Y,N,Y,Y,R,R,R,NR,NR,NR,,
2018,31103,TORONTO DOWNTOWN,BAY ST./WELLESLEY ST. W. ,10,Y,Y,Y,Y,Y,R,R,R,NR,NR,NR,,
2018,33003,TORONTO EAST,KENNEDY RD./LAWRENCE AVE. E. ,4,Y,Y,Y,Y,Y,R,R,R,NR,NR,NR,,
2018,34021,TORONTO NORTH,"4905 DUFFERIN ST., ECCC",5,Y,Y,Y,Y,Y,R,R,R,R,R,NR,,
2018,35125,TORONTO WEST,125 RESOURCES RD.,8,Y,Y,Y,Y,Y,R,R,R,R,R,NR,,
2018,44008,BURLINGTON,NORTH SHORE BLVD. E./LAKESHORE RD. ,5,Y,N,Y,Y,Y,R,R,R,NR,NR,NR,,
2018,44017,OAKVILLE,"EIGHTH LINE/GLENASHTON DR., HALTON RESERVOIR",12,Y,N,Y,Y,Y,R,R,R,NR,NR,NR,,
2018,45027,OSHAWA,"BRITTANIA AVE. W., EP TAYLOR STABLES",7,Y,Y,Y,Y,Y,R,R,R,NR,NR,NR,,
2018,46090,BRAMPTON,109 McLAUGHLIN RD. S.,5,Y,N,Y,Y,Y,R,R,R,NR,NR,NR,,
2018,46108,MISSISSAUGA,"3359 MISSISSAUGA RD. N., U OF T CAMPUS",5,Y,N,Y,Y,Y,R,R,R,NR,NR,NR,,
2018,47045,BARRIE,83 PERRY ST.,5,Y,N,Y,Y,Y,R,R,R,NR,NR,NR,,
2018,48006,NEWMARKET,EAGLE ST. W./McCAFFREY RD.,5,Y,N,N,Y,Y,R,R,R,NR,NR,NR,,
2018,49005,PARRY SOUND,7 BAY ST.,5,Y,N,N,Y,Y,R,R,R,NR,NR,NR,,
2018,49010,DORSET,1026 BELLWOOD ACRES RD.,3,Y,N,N,Y,Y,R,R,NR,NR,NR,NR,,
2018,51001,OTTAWA DOWNTOWN,RIDEAU ST./WURTEMBURG ST.,4,Y,N,Y,Y,Y,R,R,R,R,R,NR,,
2018,51010,PETAWAWA,PETAWAWA RESEARCH FOREST FACILITY,6,Y,N,N,Y,Y,R,R,NR,NR,NR,NR,,
2018,52023,KINGSTON,23 BEECHGROVE LANE,5,Y,N,Y,Y,Y,R,R,R,NR,NR,NR,,
2018,54012,BELLEVILLE,"2 SIDNEY ST., WATER TREATMENT PLANT",10,Y,N,N,Y,Y,R,R,R,NR,NR,NR,,
2018,56051,CORNWALL,BEDFORD ST./3RD ST. W.,4,Y,N,N,Y,Y,R,R,R,NR,NR,NR,,
2018,59006,PETERBOROUGH,10 HOSPITAL DR.,10,Y,N,Y,Y,Y,R,R,R,NR,NR,NR,,
2018,63203,THUNDER BAY,421 JAMES ST. S. ,15,Y,Y,Y,Y,Y,R,R,R,NR,NR,NR,,
2018,71078,SAULT STE. MARIE,SAULT COLLEGE,8,Y,N,Y,Y,Y,R,R,R,R,NR,R,,
2018,75010,NORTH BAY,"CHIPPEWA ST. W., DEPT. NATIONAL DEFENCE",4,Y,Y,N,Y,Y,R,R,R,NR,NR,NR,,
2018,77233,SUDBURY,155 ELM ST.,3,Y,N,Y,Y,Y,R,R,R,R,NR,NR,,
2017,12008,WINDSOR DOWNTOWN,467 UNIVERSITY AVE. W. ,8,Y,Y,Y,Y,Y,R,R,R,R,R,NR,,
2017,12016,WINDSOR WEST,COLLEGE AVE./SOUTH ST.,4,Y,N,N,Y,Y,R,R,R,R,NR,R,,
2017,13001,CHATHAM,435 GRAND AVE. W.,15,Y,N,Y,Y,Y,R,R,R,NR,NR,NR,,
2017,14111,SARNIA,700 CHRISTINA ST. N.,3,Y,N,Y,Y,Y,R,R,R,R,NR,R,,
2017,15020,GRAND BEND,POINT BLAKE CONSERVATION AREA,5,Y,N,N,Y,Y,R,R,R,NR,NR,NR,,
2017,15026,LONDON,42 ST. JULIEN ST.,5,Y,N,Y,Y,Y,R,R,R,NR,NR,NR,,
2017,16015,PORT STANLEY,"43665 DEXTER LINE, ELGIN WATER T. PLANT",5,Y,N,N,Y,Y,R,R,R,NR,NR,NR,,
2017,18007,TIVERTON,4th CONCESSION/BRUCE RD. 23,4,Y,N,N,Y,Y,R,R,NR,NR,NR,NR,,
2017,21005,BRANTFORD,324 GRAND RIVER AVE.,5,Y,N,Y,Y,Y,R,R,R,NR,NR,NR,,
2017,26060,KITCHENER,WEST AVE./HOMEWOOD AVE. ,5,Y,N,Y,Y,Y,R,R,R,NR,NR,NR,,
2017,27067,ST. CATHARINES,"ARGYLE CRES., PUMP STN.",4,Y,N,Y,Y,Y,R,R,R,NR,NR,NR,,
2017,28028,GUELPH,EXHIBITION ST./CLARK ST. W. ,4,Y,N,Y,Y,Y,R,R,R,NR,NR,NR,,
2017,29000,HAMILTON DOWNTOWN,ELGIN ST./KELLY ST. ,4,Y,Y,Y,Y,Y,R,R,R,R,R,R,,
2017,29114,HAMILTON MOUNTAIN,VICKERS RD./E. 18TH ST.,3,Y,N,Y,Y,Y,R,R,R,R,NR,NR,,
2017,29118,HAMILTON WEST,MAIN ST. W./HWY 403,3,Y,Y,N,Y,Y,R,R,R,NR,NR,NR,,
2017,31103,TORONTO DOWNTOWN,BAY ST./WELLESLEY ST. W. ,10,Y,Y,Y,Y,Y,R,R,R,NR,NR,NR,,
2017,33003,TORONTO EAST,KENNEDY RD./LAWRENCE AVE. E. ,4,Y,Y,Y,Y,Y,R,R,R,NR,NR,NR,,
2017,34021,TORONTO NORTH,4905 DUFFERIN ST.,5,Y,Y,Y,Y,Y,R,R,R,R,R,NR,,
2017,35125,TORONTO WEST,125 RESOURCES RD.,8,Y,Y,Y,Y,Y,R,R,R,R,R,NR,,
2017,44008,BURLINGTON,NORTH SHORE BLVD. E./LAKESHORE RD. ,5,Y,N,Y,Y,Y,R,R,R,NR,NR,NR,,
2017,44017,OAKVILLE,"EIGHTH LINE/GLENASHTON DR., HALTON RESERVOIR",12,Y,N,Y,Y,Y,R,R,R,NR,NR,NR,,
2017,45026,OSHAWA,"2000 SIMCOE ST. N., DURHAM COLLEGE",7,Y,Y,Y,Y,Y,R,R,R,NR,NR,NR,,
2017,46090,BRAMPTON,109 MCLAUGHLIN RD. S.,5,Y,N,Y,Y,Y,R,R,R,NR,NR,NR,,
2017,46108,MISSISSAUGA,"3359 MISSISSAUGA RD. N., U OF T MISSISSAUGA",5,Y,N,Y,Y,Y,R,R,R,NR,NR,NR,,
2017,47045,BARRIE,83 PERRY ST.,5,Y,N,Y,Y,Y,R,R,R,NR,NR,NR,,
2017,48006,NEWMARKET,EAGLE ST. W./McCAFFREY RD.,5,Y,N,N,Y,Y,R,R,R,NR,NR,NR,,
2017,49005,PARRY SOUND,7 BAY ST.,5,Y,N,N,Y,Y,R,R,R,NR,NR,NR,,
2017,49010,DORSET,1026 BELLWOOD ACRES RD.,3,Y,N,N,Y,Y,R,R,NR,NR,NR,NR,,
2017,51001,OTTAWA DOWNTOWN,RIDEAU ST./WURTEMBURG ST.,4,Y,N,Y,Y,Y,R,R,R,R,R,NR,,
2017,51002,OTTAWA CENTRAL,960 CARLING AVE.,5,Y,N,N,Y,Y,R,R,R,NR,NR,NR,,
2017,51010,PETAWAWA,PETAWAWA RESEARCH FOREST FACILITY,6,Y,N,N,Y,Y,R,R,NR,NR,NR,NR,,
2017,52023,KINGSTON,23 BEECHGROVE LANE,5,Y,N,Y,Y,Y,R,R,R,NR,NR,NR,,
2017,54012,BELLEVILLE,"2 SIDNEY ST., WATER TREATMENT PLANT",10,Y,N,N,Y,Y,R,R,R,NR,NR,NR,,
2017,56051,CORNWALL,BEDFORD ST./3RD ST. W.,4,Y,N,N,Y,Y,R,R,R,NR,NR,NR,,
2017,59006,PETERBOROUGH,10 HOSPITAL DR.,10,Y,N,Y,Y,Y,R,R,R,NR,NR,NR,,
2017,63203,THUNDER BAY,421 JAMES ST. S. ,15,Y,Y,Y,Y,Y,R,R,R,NR,NR,NR,,
2017,71078,SAULT STE. MARIE,SAULT COLLEGE,8,Y,N,Y,Y,Y,R,R,R,R,NR,R,,
2017,75010,NORTH BAY,"CHIPPEWA ST. W., DEPT. NATIONAL DEFENCE",4,Y,Y,N,Y,Y,R,R,R,NR,NR,NR,,
2017,77233,SUDBURY,155 ELM ST.,3,Y,N,Y,Y,Y,R,R,R,R,NR,NR,,
2016,12008,WINDSOR DOWNTOWN,467 UNIVERSITY AVE. W. ,8,Y,Y,Y,Y,Y,R,R,R,R,R,NR,,
2016,12016,WINDSOR WEST,COLLEGE AVE./SOUTH ST.,4,Y,N,N,Y,Y,R,R,R,R,NR,R,,
2016,13001,CHATHAM,435 GRAND AVE. W.,15,Y,N,Y,Y,Y,R,R,R,NR,NR,NR,,
2016,14111,SARNIA,700 CHRISTINA ST. N.,3,Y,N,Y,Y,Y,R,R,R,R,NR,R,,
2016,15020,GRAND BEND,POINT BLAKE CONSERVATION AREA,5,Y,N,N,Y,Y,R,R,R,NR,NR,NR,,
2016,15026,LONDON,42 ST. JULIEN ST.,5,Y,N,Y,Y,Y,R,R,R,NR,NR,NR,,
2016,16015,PORT STANLEY,"43665 DEXTER LINE, ELGIN WATER T. PLANT",5,Y,N,N,Y,Y,R,R,R,NR,NR,NR,,
2016,18007,TIVERTON,4th CONCESSION/BRUCE RD. 23,4,Y,N,N,Y,Y,R,R,R,NR,NR,NR,,
2016,21005,BRANTFORD,324 GRAND RIVER AVE.,5,Y,N,Y,Y,Y,R,R,R,NR,NR,NR,,
2016,26060,KITCHENER,WEST AVE./HOMEWOOD AVE. ,5,Y,N,Y,Y,Y,R,R,R,NR,NR,NR,,
2016,27067,ST. CATHARINES,"ARGYLE CRES., PUMP STN.",4,Y,N,Y,Y,Y,R,R,R,NR,NR,NR,,
2016,28028,GUELPH,EXHIBITION ST./CLARK ST. W. ,4,Y,N,Y,Y,Y,R,R,R,NR,NR,NR,,
2016,29000,HAMILTON DOWNTOWN,ELGIN ST./KELLY ST. ,4,Y,Y,Y,Y,Y,R,R,R,R,R,R,,
2016,29114,HAMILTON MOUNTAIN,VICKERS RD./E. 18TH ST.,3,Y,N,Y,Y,Y,R,R,R,R,NR,NR,,
2016,29118,HAMILTON WEST,MAIN ST. W./HWY 403,3,Y,Y,N,Y,Y,R,R,R,NR,NR,NR,,
2016,31103,TORONTO DOWNTOWN,BAY ST./WELLESLEY ST. W. ,10,Y,Y,Y,Y,Y,R,R,R,NR,NR,NR,,
2016,33003,TORONTO EAST,KENNEDY RD./LAWRENCE AVE. E. ,4,Y,Y,Y,Y,Y,R,R,R,NR,NR,NR,,
2016,34020,TORONTO NORTH,HENDON AVE./YONGE ST.,5,Y,Y,Y,Y,Y,R,R,R,NR,NR,NR,,
2016,35125,TORONTO WEST,125 RESOURCES RD.,8,Y,Y,Y,Y,Y,R,R,R,R,R,NR,,
2016,44008,BURLINGTON,NORTH SHORE BLVD. E./LAKESHORE RD. ,5,Y,N,Y,Y,Y,R,R,R,NR,NR,NR,,
2016,44017,OAKVILLE,"EIGHTH LINE/GLENASHTON DR., HALTON RESERVOIR",12,Y,N,Y,Y,Y,R,R,R,NR,NR,NR,,
2016,45026,OSHAWA,"2000 SIMCOE ST. N., DURHAM COLLEGE",7,Y,Y,Y,Y,Y,R,R,R,NR,NR,NR,,
2016,46089,BRAMPTON,"525 MAIN ST. N., PEEL MANOR",5,Y,N,Y,Y,Y,R,R,R,NR,NR,NR,,
2016,46108,MISSISSAUGA,"3359 MISSISSAUGA RD. N., U OF T MISSISSAUGA",5,Y,N,Y,Y,Y,R,R,R,NR,NR,NR,,
2016,47045,BARRIE,83 PERRY ST.,5,Y,N,Y,Y,Y,R,R,R,NR,NR,NR,,
2016,48006,NEWMARKET,EAGLE ST. W./McCAFFREY RD.,5,Y,N,N,Y,Y,R,R,R,NR,NR,NR,,
2016,49005,PARRY SOUND,7 BAY ST.,5,Y,N,N,Y,Y,R,R,R,NR,NR,NR,,
2016,49010,DORSET,1026 BELLWOOD ACRES RD.,3,Y,N,N,Y,Y,R,R,NR,NR,NR,NR,,
2016,51001,OTTAWA DOWNTOWN,RIDEAU ST./WURTEMBURG ST.,4,Y,N,Y,Y,Y,R,R,R,R,R,NR,,
2016,51002,OTTAWA CENTRAL,960 CARLING AVE.,5,Y,N,N,Y,Y,R,R,R,NR,NR,NR,,
2016,51010,PETAWAWA,PETAWAWA RESEARCH FOREST FACILITY,6,Y,N,N,Y,Y,R,R,NR,NR,NR,NR,,
2016,52023,KINGSTON,23 BEECHGROVE LANE,5,Y,N,Y,Y,Y,R,R,R,NR,NR,NR,,
2016,54012,BELLEVILLE,"2 SIDNEY ST., WATER TREATMENT PLANT",10,Y,N,N,Y,Y,R,R,R,NR,NR,NR,,
2016,56051,CORNWALL,BEDFORD ST./3RD ST. W.,4,Y,N,N,Y,Y,R,R,R,NR,NR,NR,,
2016,59006,PETERBOROUGH,10 HOSPITAL DR.,10,Y,N,Y,Y,Y,R,R,R,NR,NR,NR,,
2016,63203,THUNDER BAY,421 JAMES ST. S. ,15,Y,Y,Y,Y,Y,R,R,R,NR,NR,NR,,
2016,71078,SAULT STE. MARIE,SAULT COLLEGE,8,Y,N,Y,Y,Y,R,R,R,R,NR,R,,
2016,75010,NORTH BAY,"CHIPPEWA ST. W., DEPT. NATIONAL DEFENCE",4,Y,Y,N,Y,Y,R,R,R,NR,NR,NR,,
2016,77233,SUDBURY,155 ELM ST.,3,Y,N,Y,Y,Y,R,R,R,R,NR,NR,,
2015,12008,WINDSOR DOWNTOWN,467 UNIVERSITY AVE. W.,8,Y,Y,Y,Y,Y,R,R,R,R,R,NR,,
2015,12016,WINDSOR WEST,COLLEGE AVE./SOUTH ST.,4,Y,N,N,Y,Y,R,R,R,R,NR,R,,
2015,13001,CHATHAM,435 GRAND AVE. W.,15,Y,N,Y,Y,Y,R,R,R,NR,NR,NR,,
2015,14064,SARNIA,"FRONT ST. N./CN TRACKS, CENTENNIAL PARK",3,Y,N,N,Y,Y,R,R,R,R,NR,R,,
2015,15020,GRAND BEND,POINT BLAKE CONSERVATION AREA,5,Y,N,N,Y,Y,R,R,R,NR,NR,NR,,
2015,15026,LONDON,42 ST. JULIEN ST.,5,Y,N,Y,Y,Y,R,R,R,NR,NR,NR,,
2015,16015,PORT STANLEY,"43665 DEXTER LINE, ELGIN WATER T. PLANT",5,Y,N,N,Y,Y,R,R,R,NR,NR,NR,,
2015,18007,TIVERTON,4th CONCESSION/BRUCE RD. 23,4,Y,N,N,Y,Y,R,R,R,NR,NR,NR,,
2015,21005,BRANTFORD,324 GRAND RIVER AVE.,5,Y,N,Y,Y,Y,R,R,R,NR,NR,NR,,
2015,26060,KITCHENER,WEST AVE./HOMEWOOD AVE.,5,Y,N,Y,Y,Y,R,R,R,NR,NR,NR,,
2015,27067,ST. CATHARINES,"ARGYLE CRES., PUMP STN.",4,Y,N,Y,Y,Y,R,R,R,NR,NR,NR,,
2015,28028,GUELPH,EXHIBITION ST./CLARK ST. W.,4,Y,N,Y,Y,Y,R,R,R,NR,NR,NR,,
2015,29000,HAMILTON DOWNTOWN,ELGIN ST./KELLY ST.,4,Y,Y,Y,Y,Y,R,R,R,R,R,R,,
2015,29114,HAMILTON MOUNTAIN,VICKERS RD./E. 18TH ST.,3,Y,N,Y,Y,Y,R,R,R,R,NR,NR,,
2015,29118,HAMILTON WEST,MAIN ST. W./HWY 403,3,Y,Y,N,N,Y,R,R,R,NR,NR,NR,,
2015,31103,TORONTO DOWNTOWN,BAY ST./WELLESLEY ST. W.,10,Y,Y,Y,Y,Y,R,R,R,NR,NR,NR,,
2015,33003,TORONTO EAST,KENNEDY RD./LAWRENCE AVE. E.,4,Y,Y,Y,Y,Y,R,R,R,NR,NR,NR,,
2015,34020,TORONTO NORTH,HENDON AVE./YONGE ST.,5,Y,Y,Y,Y,Y,R,R,R,NR,NR,NR,,
2015,35125,TORONTO WEST,125 RESOURCES RD.,8,Y,Y,Y,Y,Y,R,R,R,R,R,NR,,
2015,44008,BURLINGTON,NORTH SHORE BLVD. E./LAKESHORE RD.,5,Y,N,Y,Y,Y,R,R,R,NR,NR,NR,,
2015,44017,OAKVILLE,"EIGHTH LINE/GLENASHTON DR., HALTON RESERVOIR",12,Y,N,Y,Y,Y,R,R,R,NR,NR,NR,,
2015,45026,OSHAWA,"2000 SIMCOE ST. N., DURHAM COLLEGE",7,Y,Y,Y,Y,Y,R,R,R,NR,NR,NR,,
2015,46089,BRAMPTON,"525 MAIN ST. N., PEEL MANOR",5,Y,N,Y,Y,Y,R,R,R,NR,NR,NR,,
2015,46108,MISSISSAUGA,"3359 MISSISSAUGA RD. N., U OF T MISSISSAUGA",5,Y,N,Y,Y,Y,R,R,R,R,NR,NR,,
2015,47045,BARRIE,83 PERRY ST.,5,Y,N,Y,Y,Y,R,R,R,NR,NR,NR,,
2015,48006,NEWMARKET,EAGLE ST. W./McCAFFREY RD.,5,Y,N,N,Y,Y,R,R,R,NR,NR,NR,,
2015,49005,PARRY SOUND,7 BAY ST.,5,Y,N,N,Y,Y,R,R,R,NR,NR,NR,,
2015,49010,DORSET,1026 BELLWOOD ACRES RD.,3,Y,N,N,Y,Y,R,R,NR,NR,NR,NR,,
2015,51001,OTTAWA DOWNTOWN,RIDEAU ST./WURTEMBURG ST.,4,Y,N,Y,Y,Y,R,R,R,R,R,NR,,
2015,51002,OTTAWA CENTRAL,960 CARLING AVE.,5,Y,N,N,Y,Y,R,R,R,NR,NR,NR,,
2015,51010,PETAWAWA,PETAWAWA RESEARCH FOREST FACILITY,6,Y,N,N,Y,Y,R,R,NR,NR,NR,NR,,
2015,52023,KINGSTON,23 BEECHGROVE LANE,5,Y,N,Y,Y,Y,R,R,R,NR,NR,NR,,
2015,54012,BELLEVILLE,"2 SIDNEY ST., WATER TREATMENT PLANT",10,Y,N,N,Y,Y,R,R,R,NR,NR,NR,,
2015,56051,CORNWALL,BEDFORD ST./3RD ST. W.,4,Y,N,N,Y,Y,R,R,R,NR,NR,NR,,
2015,59006,PETERBOROUGH,10 HOSPITAL DR.,10,Y,N,Y,Y,Y,R,R,R,NR,NR,NR,,
2015,63203,THUNDER BAY,421 JAMES ST. S.,15,Y,Y,Y,Y,Y,R,R,R,NR,NR,NR,,
2015,71078,SAULT STE. MARIE,SAULT COLLEGE,8,Y,N,N,Y,Y,R,R,R,R,NR,R,,
2015,75010,NORTH BAY,"CHIPPEWA ST. W., DEPT. NATIONAL DEFENCE",4,Y,Y,N,Y,Y,R,R,R,NR,NR,NR,,
2015,77233,SUDBURY,155 ELM ST.,3,Y,N,Y,Y,Y,R,R,R,R,NR,NR,,
2014,12008,WINDSOR DOWNTOWN,467 UNIVERSITY AVE. W.,8,Y,Y,Y,Y,Y,R,R,R,R,R,NR,,
2014,12016,WINDSOR WEST,COLLEGE AVE./SOUTH ST.,4,Y,N,N,Y,Y,R,R,R,R,NR,R,,
2014,13001,CHATHAM,435 GRAND AVE. W.,15,Y,N,Y,Y,Y,R,R,R,NR,NR,NR,,
2014,14064,SARNIA,"FRONT ST. N./CN TRACKS, CENTENNIAL PARK",3,Y,N,N,Y,Y,R,R,R,R,NR,R,,
2014,15020,GRAND BEND,POINT BLAKE CONSERVATION AREA,5,Y,N,N,Y,Y,R,R,R,NR,NR,NR,,
2014,15026,LONDON,42 ST. JULIEN ST.,5,Y,N,Y,Y,Y,R,R,R,NR,NR,NR,,
2014,16015,PORT STANLEY,"43665 DEXTER LINE, ELGIN WATER T. PLANT",5,Y,N,N,Y,Y,R,R,NR,NR,NR,NR,,
2014,18007,TIVERTON,4th CONCESSION/BRUCE RD. 23,4,Y,N,N,Y,Y,R,R,R,NR,NR,NR,,
2014,21005,BRANTFORD,324 GRAND RIVER AVE.,5,Y,N,Y,Y,Y,R,R,R,NR,NR,NR,,
2014,26060,KITCHENER,WEST AVE./HOMEWOOD AVE.,5,Y,N,Y,Y,Y,R,R,R,NR,NR,NR,,
2014,27067,ST. CATHARINES,"ARGYLE CRES., PUMP STN.",4,Y,N,Y,Y,Y,R,R,R,NR,NR,NR,,
2014,28028,GUELPH,EXHIBITION ST./CLARK ST. W.,4,Y,N,Y,Y,Y,R,R,R,NR,NR,NR,,
2014,29000,HAMILTON DOWNTOWN,ELGIN ST./KELLY ST.,4,Y,Y,Y,Y,Y,R,R,R,R,R,R,,
2014,29114,HAMILTON MOUNTAIN,VICKERS RD./E. 18TH ST.,3,Y,N,Y,Y,Y,R,R,R,R,NR,NR,,
2014,29118,HAMILTON WEST,MAIN ST. W./HWY 403,3,Y,Y,N,N,Y,R,R,R,NR,NR,NR,,
2014,31103,TORONTO DOWNTOWN,BAY ST./WELLESLEY ST. W.,10,Y,Y,Y,Y,Y,R,R,R,NR,NR,NR,,
2014,33003,TORONTO EAST,KENNEDY RD./LAWRENCE AVE. E.,4,Y,Y,Y,Y,Y,R,R,R,NR,NR,NR,,
2014,34020,TORONTO NORTH,HENDON AVE./YONGE ST.,5,Y,Y,Y,Y,Y,R,R,R,NR,NR,NR,,
2014,35125,TORONTO WEST,125 RESOURCES RD.,8,Y,Y,Y,Y,Y,R,R,R,R,R,NR,,
2014,44008,BURLINGTON,NORTH SHORE BLVD. E./LAKESHORE RD.,5,Y,N,Y,Y,Y,R,R,R,NR,NR,NR,,
2014,44017,OAKVILLE,"EIGHTH LINE/GLENASHTON DR., HALTON RESERVOIR",12,Y,N,Y,Y,Y,R,R,R,NR,NR,NR,,
2014,45026,OSHAWA,"2000 SIMCOE ST. N., DURHAM COLLEGE",7,Y,Y,Y,Y,Y,R,R,R,NR,NR,NR,,
2014,46089,BRAMPTON,"525 MAIN ST. N., PEEL MANOR",5,Y,N,Y,Y,Y,R,R,R,NR,NR,NR,,
2014,46108,MISSISSAUGA,"3359 MISSISSAUGA RD. N., U of T MISSISSAUGA",5,Y,N,Y,Y,Y,R,R,R,R,NR,NR,,
2014,47045,BARRIE,83 PERRY ST.,5,Y,N,Y,Y,Y,R,R,R,NR,NR,NR,,
2014,48006,NEWMARKET,EAGLE ST. W./McCAFFREY RD.,5,Y,N,N,Y,Y,R,R,R,NR,NR,NR,,
2014,49005,PARRY SOUND,7 BAY ST.,5,Y,N,N,Y,Y,R,R,R,NR,NR,NR,,
2014,49010,DORSET,1026 BELLWOOD ACRES RD.,3,Y,N,N,Y,Y,R,R,NR,NR,NR,NR,,
2014,51001,OTTAWA DOWNTOWN,RIDEAU ST./WURTEMBURG ST.,4,Y,N,Y,Y,Y,R,R,R,R,R,NR,,
2014,51002,OTTAWA CENTRAL,960 CARLING AVE.,5,Y,N,N,Y,Y,R,R,R,NR,NR,NR,,
2014,51010,PETAWAWA,PETAWAWA RESEARCH FOREST FACILITY,6,Y,N,N,Y,Y,R,R,NR,NR,NR,NR,,
2014,52023,KINGSTON,23 BEECHGROVE LANE,5,Y,N,Y,Y,Y,R,R,R,NR,NR,NR,,
2014,54012,BELLEVILLE,"2 SIDNEY ST., WATER TREATMENT PLANT",10,Y,N,N,Y,Y,R,R,R,NR,NR,NR,,
2014,56010,MORRISBURG,"COUNTY RD. 2, MORRISBURG WATER TOWER",5,Y,N,N,Y,Y,R,R,NR,NR,NR,NR,,
2014,56051,CORNWALL,BEDFORD ST./3RD ST. W.,4,Y,N,N,Y,Y,R,R,R,NR,NR,NR,,
2014,59006,PETERBOROUGH,10 HOSPITAL DR.,10,Y,N,Y,Y,Y,R,R,R,NR,NR,NR,,
2014,63203,THUNDER BAY,421 JAMES ST. S.,15,Y,Y,Y,Y,Y,R,R,R,NR,NR,NR,,
2014,71078,SAULT STE. MARIE,SAULT COLLEGE,8,Y,N,N,Y,Y,R,R,R,R,NR,R,,
2014,75010,NORTH BAY,"CHIPPEWA ST. W., DEPT. NATIONAL DEFENCE",4,Y,Y,N,Y,Y,R,R,R,NR,NR,NR,,
2014,77233,SUDBURY,155 ELM ST.,3,Y,N,Y,Y,Y,R,R,R,R,NR,NR,,
2013,12008,WINDSOR DOWNTOWN,467 UNIVERSITY AVE. W.,8,Y,Y,Y,Y,Y,R,R,R,R,R,NR,,
2013,12016,WINDSOR WEST,COLLEGE AVE./SOUTH ST.,4,Y,N,N,Y,Y,R,R,R,R,NR,R,,
2013,13001,CHATHAM,435 GRAND AVE. W.,15,Y,N,Y,Y,Y,R,R,R,NR,NR,NR,,
2013,14064,SARNIA,"FRONT ST. N./CN TRACKS, CENTENNIAL PARK",3,Y,N,N,Y,Y,R,R,R,R,NR,R,,
2013,15020,GRAND BEND,POINT BLAKE CONSERVATION AREA,5,Y,N,N,Y,Y,R,R,R,NR,NR,NR,,
2013,15026,LONDON,42 ST. JULIEN ST.,5,Y,N,Y,Y,Y,R,R,R,NR,NR,NR,,
2013,16015,PORT STANLEY,"43665 DEXTER LINE, ELGIN WATER T. PLANT",5,Y,N,N,Y,Y,R,R,NR,NR,NR,NR,,
2013,18007,TIVERTON,4th CONCESSION/BRUCE RD. 23,4,Y,N,N,Y,Y,R,R,R,NR,NR,NR,,
2013,21005,BRANTFORD,324 GRAND RIVER AVE.,5,Y,N,Y,Y,Y,R,R,R,NR,NR,NR,,
2013,26060,KITCHENER,WEST AVE./HOMEWOOD AVE.,5,Y,N,Y,Y,Y,R,R,R,NR,NR,NR,,
2013,27067,ST. CATHARINES,"ARGYLE CRES., PUMP STN.",4,Y,N,Y,Y,Y,R,R,R,NR,NR,NR,,
2013,28028,GUELPH,EXHIBITION ST./CLARK ST. W.,4,Y,N,Y,Y,Y,R,R,R,NR,NR,NR,,
2013,29000,HAMILTON DOWNTOWN,ELGIN ST./KELLY ST.,4,Y,Y,Y,Y,Y,R,R,R,R,R,R,,
2013,29114,HAMILTON MOUNTAIN,VICKERS RD./E. 18TH ST.,3,Y,N,Y,Y,Y,R,R,R,R,NR,NR,,
2013,29118,HAMILTON WEST,MAIN ST. W./HWY 403,3,Y,Y,N,N,Y,R,R,R,NR,NR,NR,,
2013,31103,TORONTO DOWNTOWN,BAY ST./WELLESLEY ST. W.,10,Y,Y,Y,Y,Y,R,R,R,NR,NR,NR,,
2013,33003,TORONTO EAST,KENNEDY RD./LAWRENCE AVE. E.,4,Y,Y,Y,Y,Y,R,R,R,NR,NR,NR,,
2013,34020,TORONTO NORTH,HENDON AVE./YONGE ST.,5,Y,Y,Y,Y,Y,R,R,R,NR,NR,NR,,
2013,35125,TORONTO WEST,125 RESOURCES RD.,8,Y,Y,Y,Y,Y,R,R,R,R,R,NR,,
2013,44008,BURLINGTON,NORTH SHORE BLVD. E./LAKESHORE RD.,5,Y,N,Y,Y,Y,R,R,R,NR,NR,NR,,
2013,44017,OAKVILLE,"EIGHTH LINE/GLENASHTON DR., HALTON RESERVOIR",12,Y,N,Y,Y,Y,R,R,R,NR,NR,NR,,
2013,45026,OSHAWA,"2000 SIMCOE ST. N., DURHAM COLLEGE",7,Y,Y,Y,Y,Y,R,R,R,NR,NR,NR,,
2013,46089,BRAMPTON,"525 MAIN ST. N., PEEL MANOR",5,Y,N,Y,Y,Y,R,R,R,NR,NR,NR,,
2013,46108,MISSISSAUGA,"3359 MISSISSAUGA RD. N., U of T MISSISSAUGA",5,Y,N,Y,Y,Y,R,R,R,R,NR,NR,,
2013,47045,BARRIE,83 PERRY ST.,5,Y,N,Y,Y,Y,R,R,R,NR,NR,NR,,
2013,48006,NEWMARKET,EAGLE ST. W./McCAFFREY RD.,5,Y,N,N,Y,Y,R,R,R,NR,NR,NR,,
2013,49005,PARRY SOUND,7 BAY ST.,5,Y,N,N,Y,Y,R,R,R,NR,NR,NR,,
2013,49010,DORSET,1026 BELLWOOD ACRES RD.,3,Y,N,N,Y,Y,R,R,NR,NR,NR,NR,,
2013,51001,OTTAWA DOWNTOWN,RIDEAU ST./WURTEMBURG ST.,4,Y,N,Y,Y,Y,R,R,R,R,R,NR,,
2013,51002,OTTAWA CENTRAL,960 CARLING AVE.,5,Y,N,N,Y,Y,R,R,R,NR,NR,NR,,
2013,51010,PETAWAWA,PETAWAWA RESEARCH FOREST FACILITY,6,Y,N,N,Y,Y,R,R,NR,NR,NR,NR,,
2013,52022,KINGSTON,752 KING ST. W.,13,Y,N,Y,Y,Y,R,R,R,NR,NR,NR,,
2013,54012,BELLEVILLE,"2 SIDNEY ST., WATER TREATMENT PLANT",10,Y,N,N,Y,Y,R,R,R,NR,NR,NR,,
2013,56010,MORRISBURG,"COUNTY RD. 2, MORRISBURG WATER TOWER",5,Y,N,N,Y,Y,R,R,NR,NR,NR,NR,,
2013,56051,CORNWALL,BEDFORD ST./3RD ST. W.,4,Y,N,N,Y,Y,R,R,R,NR,NR,NR,,
2013,59006,PETERBOROUGH,10 HOSPITAL DR.,10,Y,N,Y,Y,Y,R,R,R,NR,NR,NR,,
2013,63203,THUNDER BAY,421 JAMES ST. S.,15,Y,Y,Y,Y,Y,R,R,R,NR,NR,NR,,
2013,71078,SAULT STE. MARIE,SAULT COLLEGE,8,Y,N,N,Y,Y,R,R,R,R,NR,R,,
2013,75010,NORTH BAY,"CHIPPEWA ST. W., DEPT. NATIONAL DEFENCE",4,Y,Y,N,Y,Y,R,R,R,NR,NR,NR,,
2013,77233,SUDBURY,155 ELM ST.,3,Y,N,Y,Y,Y,R,R,R,R,NR,NR,,
2012,12008,WINDSOR DOWNTOWN,467 UNIVERSITY AVE. W.,8,Y,Y,Y,Y,Y,R,R,R,R,R,NR,,
2012,12016,WINDSOR WEST,COLLEGE AVE./SOUTH ST.,4,Y,N,N,Y,Y,R,R,R,R,NR,R,,
2012,13001,CHATHAM,435 GRAND AVE. W.,15,Y,N,Y,Y,Y,R,R,R,NR,NR,NR,,
2012,14064,SARNIA,"FRONT ST. N./CN TRACKS, CENTENNIAL PARK",3,Y,N,N,Y,Y,R,R,R,R,NR,R,,
2012,15020,GRAND BEND,POINT BLAKE CONSERVATION AREA,5,Y,N,N,Y,Y,R,R,R,NR,NR,NR,,
2012,15025,LONDON,900 HIGHBURY AVE. N.,4,Y,N,Y,Y,Y,R,R,R,NR,NR,NR,,
2012,16015,PORT STANLEY,"43665 DEXTER LINE, ELGIN WATER T. PLANT",5,Y,N,N,Y,Y,R,R,NR,NR,NR,NR,,
2012,18007,TIVERTON,4th CONCESSION/BRUCE RD. 23,4,Y,N,N,Y,Y,R,R,R,NR,NR,NR,,
2012,21005,BRANTFORD,324 GRAND RIVER AVE.,5,Y,N,Y,Y,Y,R,R,R,NR,NR,NR,,
2012,26060,KITCHENER,WEST AVE./HOMEWOOD AVE.,5,Y,N,Y,Y,Y,R,R,R,NR,NR,NR,,
2012,27067,ST. CATHARINES,"ARGYLE CRES., PUMP STN.",4,Y,N,Y,Y,Y,R,R,R,NR,NR,NR,,
2012,28028,GUELPH,EXHIBITION ST./CLARK ST. W.,4,Y,N,Y,Y,Y,R,R,R,NR,NR,NR,,
2012,29000,HAMILTON DOWNTOWN,ELGIN ST./KELLY ST.,4,Y,Y,Y,Y,Y,R,R,R,R,R,R,,
2012,29114,HAMILTON MOUNTAIN,VICKERS RD./E. 18TH ST.,3,Y,N,Y,Y,Y,R,R,R,R,NR,NR,,
2012,29118,HAMILTON WEST,MAIN ST. W./HWY 403,3,Y,Y,N,N,Y,R,R,R,NR,NR,NR,,
2012,31103,TORONTO DOWNTOWN,BAY ST./WELLESLEY ST. W.,10,Y,Y,Y,Y,Y,R,R,R,NR,NR,NR,,
2012,33003,TORONTO EAST,KENNEDY RD./LAWRENCE AVE. E.,4,Y,Y,Y,Y,Y,R,R,R,NR,NR,NR,,
2012,34020,TORONTO NORTH,HENDON AVE./YONGE ST.,5,Y,Y,Y,Y,Y,R,R,R,NR,NR,NR,,
2012,35125,TORONTO WEST,125 RESOURCES RD.,8,Y,Y,Y,Y,Y,R,R,R,R,R,NR,,
2012,44008,BURLINGTON,NORTH SHORE BLVD. E./LAKESHORE RD.,5,Y,N,Y,Y,Y,R,R,R,NR,NR,NR,,
2012,44017,OAKVILLE,"EIGHTH LINE/GLENASHTON DR., HALTON RESERVOIR",12,Y,N,Y,Y,Y,R,R,R,NR,NR,NR,,
2012,45026,OSHAWA,"2000 SIMCOE ST. N., DURHAM COLLEGE",7,Y,Y,Y,Y,Y,R,R,R,NR,NR,NR,,
2012,46089,BRAMPTON,"525 MAIN ST. N., PEEL MANOR",5,Y,N,Y,Y,Y,R,R,R,NR,NR,NR,,
2012,46108,MISSISSAUGA,"3359 MISSISSAUGA RD. N., U of T MISSISSAUGA",5,Y,N,Y,Y,Y,R,R,R,R,NR,NR,,
2012,47045,BARRIE,83 PERRY ST.,5,Y,N,Y,Y,Y,R,R,R,NR,NR,NR,,
2012,48006,NEWMARKET,EAGLE ST. W./McCAFFREY RD.,5,Y,N,N,Y,Y,R,R,R,NR,NR,NR,,
2012,49005,PARRY SOUND,7 BAY ST.,5,Y,N,N,Y,Y,R,R,R,NR,NR,NR,,
2012,49010,DORSET,1026 BELLWOOD ACRES RD.,3,Y,N,N,Y,Y,R,R,NR,NR,NR,NR,,
2012,51001,OTTAWA DOWNTOWN,RIDEAU ST./WURTEMBURG ST.,4,Y,N,Y,Y,Y,R,R,R,R,R,NR,,
2012,51002,OTTAWA CENTRAL,960 CARLING AVE.,5,Y,N,N,Y,Y,R,R,R,NR,NR,NR,,
2012,51010,PETAWAWA,PETAWAWA RESEARCH FOREST FACILITY,6,Y,N,N,Y,Y,R,R,NR,NR,NR,NR,,
2012,52022,KINGSTON,752 KING ST. W.,13,Y,N,Y,Y,Y,R,R,R,NR,NR,NR,,
2012,54012,BELLEVILLE,"2 SIDNEY ST., WATER TREATMENT PLANT",10,Y,N,N,Y,Y,R,R,R,NR,NR,NR,,
2012,56010,MORRISBURG,"COUNTY RD. 2, MORRISBURG WATER TOWER",5,Y,N,N,Y,Y,R,R,NR,NR,NR,NR,,
2012,56051,CORNWALL,BEDFORD ST./3RD ST. W.,4,Y,N,N,Y,Y,R,R,R,NR,NR,NR,,
2012,59006,PETERBOROUGH,10 HOSPITAL DR.,10,Y,N,Y,Y,Y,R,R,R,NR,NR,NR,,
2012,63203,THUNDER BAY,421 JAMES ST. S.,15,Y,Y,Y,Y,Y,R,R,R,NR,NR,NR,,
2012,71078,SAULT STE. MARIE,SAULT COLLEGE,8,Y,N,N,Y,Y,R,R,R,R,NR,R,,
2012,75010,NORTH BAY,"CHIPPEWA ST. W., DEPT. NATIONAL DEFENCE",4,Y,Y,N,Y,Y,R,R,R,NR,NR,NR,,
2012,77219,SUDBURY,1222 RAMSEY LAKE RD.,3,Y,N,Y,Y,Y,R,R,NR,R,NR,NR,,
2011,12008,WINDSOR DOWNTOWN,467 UNIVERSITY AVE. W.,8,Y,Y,Y,Y,Y,R,R,R,R,R,NR,,
2011,12016,WINDSOR WEST,COLLEGE AVE./SOUTH ST.,4,Y,N,N,Y,Y,R,R,R,R,NR,R,,
2011,13001,CHATHAM,435 GRAND AVE. W.,15,Y,N,Y,Y,Y,R,R,R,NR,NR,NR,,
2011,14064,SARNIA,"FRONT ST. N./CN TRACKS, CENTENNIAL PARK",3,Y,N,N,Y,Y,R,R,R,R,NR,R,,
2011,15020,GRAND BEND,POINT BLAKE CONSERVATION AREA,5,Y,N,N,Y,Y,R,R,R,NR,NR,NR,,
2011,15025,LONDON,900 HIGHBURY AVE. N.,4,Y,N,Y,Y,Y,R,R,R,NR,NR,NR,,
2011,16015,PORT STANLEY,"43665 DEXTER LINE, ELGIN WATER T. PLANT",5,Y,N,N,Y,Y,R,R,NR,NR,NR,NR,,
2011,18007,TIVERTON,4th CONCESSION/BRUCE RD. 23,4,Y,N,N,Y,Y,R,R,R,NR,NR,NR,,
2011,21005,BRANTFORD,324 GRAND RIVER AVE.,5,Y,N,Y,Y,Y,R,R,R,NR,NR,NR,,
2011,26060,KITCHENER,WEST AVE./HOMEWOOD AVE.,5,Y,N,Y,Y,Y,R,R,R,NR,NR,NR,,
2011,27067,ST. CATHARINES,"ARGYLE CRES., PUMP STN.",4,Y,N,Y,Y,Y,R,R,R,NR,NR,NR,,
2011,28028,GUELPH,EXHIBITION ST./CLARK ST. W.,4,Y,N,Y,Y,Y,R,R,R,NR,NR,NR,,
2011,29000,HAMILTON DOWNTOWN,ELGIN ST./KELLY ST.,4,Y,Y,Y,Y,Y,R,R,R,R,R,R,,
2011,29114,HAMILTON MOUNTAIN,VICKERS RD./E. 18TH ST.,3,Y,N,Y,Y,Y,R,R,R,R,NR,NR,,
2011,29118,HAMILTON WEST,MAIN ST. W./HWY 403,3,Y,Y,N,N,Y,R,R,R,NR,NR,NR,,
2011,31103,TORONTO DOWNTOWN,BAY ST./WELLESLEY ST. W.,10,Y,Y,Y,Y,Y,R,R,R,NR,NR,NR,,
2011,33003,TORONTO EAST,KENNEDY RD./LAWRENCE AVE. E.,4,Y,Y,Y,Y,Y,R,R,R,NR,NR,NR,,
2011,34020,TORONTO NORTH,HENDON AVE./YONGE ST.,5,Y,Y,Y,Y,Y,R,R,R,NR,NR,NR,,
2011,35125,TORONTO WEST,125 RESOURCES RD.,8,Y,Y,Y,Y,Y,R,R,R,R,R,NR,,
2011,44008,BURLINGTON,NORTH SHORE BLVD. E./LAKESHORE RD.,5,Y,N,Y,Y,Y,R,R,R,NR,NR,NR,,
2011,44017,OAKVILLE,"EIGHTH LINE/GLENASHTON DR., HALTON RESERVOIR",12,Y,N,Y,Y,Y,R,R,R,NR,NR,NR,,
2011,45026,OSHAWA,"2000 SIMCOE ST. N., DURHAM COLLEGE",7,Y,Y,Y,Y,Y,R,R,R,NR,NR,NR,,
2011,46089,BRAMPTON,"525 MAIN ST. N., PEEL MANOR",5,Y,N,Y,Y,Y,R,R,R,NR,NR,NR,,
2011,46108,MISSISSAUGA,"3359 MISSISSAUGA RD. N., U of T MISSISSAUGA",5,Y,N,Y,Y,Y,R,R,R,R,NR,NR,,
2011,47045,BARRIE,83 PERRY ST.,5,Y,N,Y,Y,Y,R,R,R,NR,NR,NR,,
2011,48006,NEWMARKET,EAGLE ST. W./McCAFFREY RD.,5,Y,N,N,Y,Y,R,R,R,NR,NR,NR,,
2011,49005,PARRY SOUND,7 BAY ST.,5,Y,N,N,Y,Y,R,R,R,NR,NR,NR,,
2011,49010,DORSET,1026 BELLWOOD ACRES RD.,3,Y,N,N,Y,Y,R,R,NR,NR,NR,NR,,
2011,51001,OTTAWA DOWNTOWN,RIDEAU ST./WURTEMBURG ST.,4,Y,N,Y,Y,Y,R,R,R,R,R,NR,,
2011,51002,OTTAWA CENTRAL,960 CARLING AVE.,5,Y,N,N,Y,Y,R,R,R,NR,NR,NR,,
2011,51010,PETAWAWA,PETAWAWA RESEARCH FOREST FACILITY,6,Y,N,N,Y,Y,R,R,NR,NR,NR,NR,,
2011,52022,KINGSTON,752 KING ST. W.,13,Y,N,Y,Y,Y,R,R,R,NR,NR,NR,,
2011,54012,BELLEVILLE,"2 SIDNEY ST., WATER TREATMENT PLANT",10,Y,N,N,Y,Y,R,R,R,NR,NR,NR,,
2011,56010,MORRISBURG,"COUNTY RD. 2, MORRISBURG WATER TOWER",5,Y,N,N,Y,Y,R,R,NR,NR,NR,NR,,
2011,56051,CORNWALL,BEDFORD ST./3RD ST. W.,4,Y,N,N,Y,Y,R,R,R,NR,NR,NR,,
2011,59006,PETERBOROUGH,10 HOSPITAL DR.,10,Y,N,Y,Y,Y,R,R,R,NR,NR,NR,,
2011,63203,THUNDER BAY,421 JAMES ST. S.,15,Y,Y,Y,Y,Y,R,R,R,NR,NR,NR,,
2011,71078,SAULT STE. MARIE,SAULT COLLEGE,8,Y,N,N,Y,Y,R,R,R,R,NR,R,,
2011,75010,NORTH BAY,"CHIPPEWA ST. W., DEPT. NATIONAL DEFENCE",4,Y,Y,N,Y,Y,R,R,R,NR,NR,NR,,
2011,77219,SUDBURY,1222 RAMSEY LAKE RD.,3,Y,N,Y,Y,Y,R,R,NR,R,NR,NR,,
2010,12008,WINDSOR DOWNTOWN,467 UNIVERSITY AVE. W.,8,Y,Y,Y,Y,Y,R,R,R,R,R,NR,,
2010,12016,WINDSOR WEST,COLLEGE AVE./SOUTH ST.,4,Y,N,N,Y,Y,R,R,R,R,NR,R,,
2010,13001,CHATHAM,435 GRAND AVE. W.,15,Y,N,Y,Y,Y,R,R,R,R,NR,NR,,
2010,14064,SARNIA,"FRONT ST. N./CN TRACKS, CENTENNIAL PARK",3,Y,N,N,Y,Y,R,R,R,R,NR,R,,
2010,15020,GRAND BEND,POINT BLAKE CONSERVATION AREA,5,Y,N,N,Y,Y,R,R,R,NR,NR,NR,,
2010,15025,LONDON,900 HIGHBURY AVE. N.,4,Y,N,Y,Y,Y,R,R,R,R,R,NR,,
2010,16015,PORT STANLEY,"43665 DEXTER LINE, ELGIN WATER T. PLANT",5,Y,N,N,Y,Y,R,R,NR,NR,NR,NR,,
2010,18007,TIVERTON,4th CONCESSION/BRUCE RD. 23,4,Y,N,N,Y,Y,R,R,R,R,NR,NR,,
2010,21005,BRANTFORD,324 GRAND RIVER AVE.,5,Y,N,Y,Y,Y,R,R,R,NR,NR,NR,,
2010,26060,KITCHENER,WEST AVE./HOMEWOOD AVE.,5,Y,N,Y,Y,Y,R,R,R,NR,NR,NR,,
2010,27067,ST. CATHARINES,"ARGYLE CRES., PUMP STN.",4,Y,N,Y,Y,Y,R,R,R,NR,NR,NR,,
2010,28028,GUELPH,EXHIBITION ST./CLARK ST. W.,4,Y,N,Y,Y,Y,R,R,R,NR,NR,NR,,
2010,29000,HAMILTON DOWNTOWN,ELGIN ST./KELLY ST.,4,Y,Y,Y,Y,Y,R,R,R,R,R,R,,
2010,29114,HAMILTON MOUNTAIN,VICKERS RD./E. 18TH ST.,3,Y,N,Y,Y,Y,R,R,R,R,NR,NR,,
2010,29118,HAMILTON WEST,MAIN ST. W./HWY 403,3,Y,Y,N,N,Y,R,R,R,NR,NR,NR,,
2010,31103,TORONTO DOWNTOWN,BAY ST./WELLESLEY ST. W.,10,Y,Y,Y,Y,Y,R,R,R,R,R,NR,,
2010,33003,TORONTO EAST,KENNEDY RD./LAWRENCE AVE. E.,4,Y,Y,Y,Y,Y,R,R,R,NR,NR,NR,,
2010,34020,TORONTO NORTH,HENDON AVE./YONGE ST.,5,Y,Y,Y,Y,Y,R,R,R,NR,NR,NR,,
2010,35125,TORONTO WEST,125 RESOURCES RD.,8,Y,Y,Y,Y,Y,R,R,R,R,R,NR,,
2010,44008,BURLINGTON,NORTH SHORE BLVD. E./LAKESHORE RD.,5,Y,N,Y,Y,Y,R,R,R,NR,NR,NR,,
2010,44017,OAKVILLE,"EIGHTH LINE/GLENASHTON DR., HALTON RESERVOIR",12,Y,N,Y,Y,Y,R,R,R,NR,NR,NR,,
2010,45026,OSHAWA,"2000 SIMCOE ST. N., DURHAM COLLEGE",7,Y,Y,Y,Y,Y,R,R,R,NR,NR,NR,,
2010,46089,BRAMPTON,"525 MAIN ST. N., PEEL MANOR",5,Y,N,Y,Y,Y,R,R,R,NR,NR,NR,,
2010,46108,MISSISSAUGA,"3359 MISSISSAUGA RD. N., U of T MISSISSAUGA",5,Y,N,Y,Y,Y,R,R,R,R,R,NR,,
2010,47045,BARRIE,83 PERRY ST.,5,Y,N,Y,Y,Y,R,R,R,NR,NR,NR,,
2010,48006,NEWMARKET,EAGLE ST. W./McCAFFREY RD.,5,Y,N,N,Y,Y,R,R,R,NR,NR,NR,,
2010,49005,PARRY SOUND,7 BAY ST.,5,Y,N,N,Y,Y,R,R,R,NR,NR,NR,,
2010,49010,DORSET,1026 BELLWOOD ACRES RD.,3,Y,N,N,Y,Y,R,R,NR,NR,NR,NR,,
2010,51001,OTTAWA DOWNTOWN,RIDEAU ST./WURTEMBURG ST.,4,Y,N,Y,Y,Y,R,R,R,R,R,NR,,
2010,51002,OTTAWA CENTRAL,960 CARLING AVE.,5,Y,N,N,Y,Y,R,R,R,NR,NR,NR,,
2010,51010,PETAWAWA,PETAWAWA RESEARCH FOREST FACILITY,6,Y,N,N,Y,Y,R,R,NR,NR,NR,NR,,
2010,52022,KINGSTON,752 KING ST. W.,13,Y,N,Y,Y,Y,R,R,R,R,R,NR,,
2010,54012,BELLEVILLE,"2 SIDNEY ST., WATER TREATMENT PLANT",10,Y,N,N,Y,Y,R,R,R,NR,NR,NR,,
2010,56010,MORRISBURG,"COUNTY RD. 2, MORRISBURG WATER TOWER",5,Y,N,N,Y,Y,R,R,NR,NR,NR,NR,,
2010,56051,CORNWALL,BEDFORD ST./3RD ST. W.,4,Y,N,N,Y,Y,R,R,R,NR,NR,NR,,
2010,59006,PETERBOROUGH,10 HOSPITAL DR.,10,Y,N,Y,Y,Y,R,R,R,NR,NR,NR,,
2010,63203,THUNDER BAY,421 JAMES ST. S.,15,Y,Y,Y,Y,Y,R,R,R,NR,NR,NR,,
2010,71078,SAULT STE. MARIE,SAULT COLLEGE,8,Y,N,N,Y,Y,R,R,R,R,NR,R,,
2010,75010,NORTH BAY,"CHIPPEWA ST. W., DEPT. NATIONAL DEFENCE",4,Y,Y,N,Y,Y,R,R,R,NR,NR,NR,,
2010,77219,SUDBURY,1222 RAMSEY LAKE RD.,3,Y,N,Y,Y,Y,R,R,NR,R,NR,NR,,
2009,12008,WINDSOR DOWNTOWN,467 UNIVERSITY AVE. W.,8,Y,Y,Y,Y,Y,R,R,R,R,R,NR,,
2009,12016,WINDSOR WEST,COLLEGE AVE./SOUTH ST.,4,Y,N,N,Y,Y,R,R,R,R,NR,R,,
2009,13001,CHATHAM,435 GRAND AVE. W.,15,Y,N,Y,Y,Y,R,R,R,R,NR,NR,,
2009,14064,SARNIA,"FRONT ST. N./CN TRACKS, CENTENNIAL PARK",3,Y,N,N,Y,Y,R,R,R,R,NR,R,,
2009,15020,GRAND BEND,POINT BLAKE CONSERVATION AREA,5,Y,N,N,Y,Y,R,R,NR,NR,NR,NR,,
2009,15025,LONDON,900 HIGHBURY AVE. N.,4,Y,N,Y,Y,Y,R,R,R,R,R,NR,,
2009,16015,PORT STANLEY,"43665 DEXTER LINE, ELGIN WATER T. PLANT",5,Y,N,N,Y,Y,R,R,NR,NR,NR,NR,,
2009,18007,TIVERTON,4th CONCESSION/BRUCE RD. 23,4,Y,N,N,Y,Y,R,R,R,R,NR,NR,,
2009,21005,BRANTFORD,324 GRAND RIVER AVE.,5,Y,N,Y,Y,Y,R,R,R,NR,NR,NR,,
2009,26060,KITCHENER,WEST AVE./HOMEWOOD AVE.,5,Y,N,Y,Y,Y,R,R,R,NR,NR,NR,,
2009,27067,ST. CATHARINES,"ARGYLE CRES., PUMP STN.",4,Y,N,Y,Y,Y,R,R,R,NR,NR,NR,,
2009,28028,GUELPH,EXHIBITION ST./CLARK ST. W.,4,Y,N,Y,Y,Y,R,R,NR,NR,NR,NR,,
2009,29000,HAMILTON DOWNTOWN,ELGIN ST./KELLY ST.,4,Y,Y,Y,Y,Y,R,R,R,R,R,R,,
2009,29114,HAMILTON MOUNTAIN,VICKERS RD./E. 18TH ST.,3,Y,N,Y,Y,Y,R,R,R,R,NR,NR,,
2009,29118,HAMILTON WEST,MAIN ST. W./HWY 403,3,Y,Y,N,N,Y,R,R,NR,NR,NR,NR,,
2009,31103,TORONTO DOWNTOWN,BAY ST./WELLESLEY ST. W.,10,Y,Y,Y,Y,Y,R,R,R,R,R,NR,,
2009,33003,TORONTO EAST,KENNEDY RD./LAWRENCE AVE. E.,4,Y,Y,Y,Y,Y,R,R,R,NR,NR,NR,,
2009,34020,TORONTO NORTH,HENDON AVE./YONGE ST.,5,Y,Y,Y,Y,Y,R,R,R,NR,NR,NR,,
2009,35125,TORONTO WEST,125 RESOURCES RD.,8,Y,Y,Y,Y,Y,R,R,R,R,R,NR,,
2009,44008,BURLINGTON,NORTH SHORE BLVD. E./LAKESHORE RD.,5,Y,N,Y,Y,Y,R,R,R,NR,NR,NR,,
2009,44017,OAKVILLE,"EIGHTH LINE/GLENASHTON DR., HALTON RESERVOIR",12,Y,N,Y,Y,Y,R,R,R,NR,NR,NR,,
2009,45026,OSHAWA,"2000 SIMCOE ST. N., DURHAM COLLEGE",7,Y,Y,Y,Y,Y,R,R,R,NR,NR,NR,,
2009,46089,BRAMPTON,"525 MAIN ST. N., PEEL MANOR",5,Y,N,Y,Y,Y,R,R,R,NR,NR,NR,,
2009,46108,MISSISSAUGA,"3359 MISSISSAUGA RD. N., U of T MISSISSAUGA",5,Y,N,Y,Y,Y,R,R,R,R,R,NR,,
2009,47045,BARRIE,83 PERRY ST.,5,Y,N,Y,Y,Y,R,R,R,NR,NR,NR,,
2009,48006,NEWMARKET,EAGLE ST. W./McCAFFREY RD.,5,Y,N,N,Y,Y,R,R,R,NR,NR,NR,,
2009,49005,PARRY SOUND,7 BAY ST.,5,Y,N,N,Y,Y,R,R,NR,NR,NR,NR,,
2009,49010,DORSET,1026 BELLWOOD ACRES RD.,3,Y,N,N,Y,Y,R,R,NR,NR,NR,NR,,
2009,51001,OTTAWA DOWNTOWN,RIDEAU ST./WURTEMBURG ST.,4,Y,N,Y,Y,Y,R,R,R,R,R,NR,,
2009,51002,OTTAWA CENTRAL,960 CARLING AVE.,5,Y,N,N,Y,Y,R,R,R,NR,NR,NR,,
2009,51010,PETAWAWA,PETAWAWA RESEARCH FOREST FACILITY,6,Y,N,N,Y,Y,R,R,NR,NR,NR,NR,,
2009,52022,KINGSTON,752 KING ST. W.,13,Y,N,Y,Y,Y,R,R,R,R,R,NR,,
2009,54012,BELLEVILLE,"2 SIDNEY ST., WATER TREATMENT PLANT",10,Y,N,N,Y,Y,R,R,R,NR,NR,NR,,
2009,56010,MORRISBURG,"COUNTY RD. 2, MORRISBURG WATER TOWER",5,Y,N,N,Y,Y,R,R,NR,NR,NR,NR,,
2009,56051,CORNWALL,BEDFORD ST./3RD ST. W.,4,Y,N,N,Y,Y,R,R,R,NR,NR,NR,,
2009,59006,PETERBOROUGH,10 HOSPITAL DR.,10,Y,N,Y,Y,Y,R,R,R,NR,NR,NR,,
2009,63203,THUNDER BAY,421 JAMES ST. S.,15,Y,Y,Y,Y,Y,R,R,R,NR,NR,NR,,
2009,71078,SAULT STE. MARIE,SAULT COLLEGE,8,Y,N,N,Y,Y,R,R,R,R,NR,R,,
2009,75010,NORTH BAY,"CHIPPEWA ST. W., DEPT. NATIONAL DEFENCE",4,Y,Y,N,Y,Y,R,R,R,NR,NR,NR,,
2009,77219,SUDBURY,1222 RAMSEY LAKE RD.,3,Y,N,Y,Y,Y,R,R,NR,R,NR,NR,,
2008,12008,WINDSOR DOWNTOWN,467 UNIVERSITY AVE. W.,8,Y,Y,Y,Y,Y,R,R,R,R,R,NR,,
2008,12016,WINDSOR WEST,COLLEGE AVE./SOUTH ST.,4,Y,N,N,Y,Y,R,R,R,R,NR,R,,
2008,13001,CHATHAM,435 GRAND AVE. W.,15,Y,N,Y,Y,Y,R,R,R,R,R,NR,,
2008,14064,SARNIA,"FRONT ST. N./CN TRACKS, CENTENNIAL PARK",3,Y,N,N,Y,Y,R,R,R,R,NR,R,,
2008,15020,GRAND BEND,POINT BLAKE CONSERVATION AREA,5,Y,N,N,Y,Y,R,R,NR,NR,NR,NR,,
2008,15025,LONDON,900 HIGHBURY AVE. N.,4,Y,N,Y,Y,Y,R,R,R,R,R,NR,,
2008,16015,PORT STANLEY,"43665 DEXTER LINE, ELGIN WATER T. PLANT",5,Y,N,N,Y,Y,R,R,NR,NR,NR,NR,,
2008,18007,TIVERTON,4th CONCESSION/BRUCE RD. 23,4,Y,N,N,Y,Y,R,R,R,R,NR,NR,,
2008,21005,BRANTFORD,324 GRAND RIVER AVE.,5,Y,N,Y,Y,Y,R,R,R,NR,NR,NR,,
2008,26060,KITCHENER,WEST AVE./HOMEWOOD AVE.,5,Y,N,Y,Y,Y,R,R,R,NR,NR,NR,,
2008,27067,ST. CATHARINES,"ARGYLE CRES., PUMP STN.",4,Y,N,Y,Y,Y,R,R,R,NR,NR,NR,,
2008,28028,GUELPH,EXHIBITION ST./CLARK ST. W.,4,Y,N,Y,Y,Y,R,R,NR,NR,NR,NR,,
2008,29000,HAMILTON DOWNTOWN,ELGIN ST./KELLY ST.,4,Y,Y,Y,Y,Y,R,R,R,R,R,R,,
2008,29114,HAMILTON MOUNTAIN,VICKERS RD./E. 18TH ST.,3,Y,N,Y,Y,Y,R,R,R,R,NR,NR,,
2008,29118,HAMILTON WEST,MAIN ST. W./HWY 403,3,Y,Y,N,N,Y,R,R,NR,NR,NR,NR,,
2008,31103,TORONTO DOWNTOWN,BAY ST./WELLESLEY ST. W.,10,Y,Y,Y,Y,Y,R,R,R,R,R,NR,,
2008,33003,TORONTO EAST,KENNEDY RD./LAWRENCE AVE. E.,4,Y,Y,Y,Y,Y,R,R,R,NR,NR,NR,,
2008,34020,TORONTO NORTH,HENDON AVE./YONGE ST.,5,Y,Y,Y,Y,Y,R,R,R,NR,NR,NR,,
2008,35125,TORONTO WEST,125 RESOURCES RD.,8,Y,Y,Y,Y,Y,R,R,R,R,R,NR,,
2008,44008,BURLINGTON,NORTH SHORE BLVD. E./LAKESHORE RD.,5,Y,N,Y,Y,Y,R,R,R,NR,NR,NR,,
2008,44017,OAKVILLE,"EIGHTH LINE/GLENASHTON DR., HALTON RESERVOIR",12,Y,N,Y,Y,Y,R,R,R,NR,NR,NR,,
2008,45026,OSHAWA,"2000 SIMCOE ST. N., DURHAM COLLEGE",7,Y,Y,Y,Y,Y,R,R,R,NR,NR,NR,,
2008,46089,BRAMPTON,"525 MAIN ST. N., PEEL MANOR",5,Y,N,Y,Y,Y,R,R,R,NR,NR,NR,,
2008,46108,MISSISSAUGA,"3359 MISSISSAUGA RD. N., U of T MISSISSAUGA",5,Y,N,Y,Y,Y,R,R,R,R,R,NR,,
2008,47045,BARRIE,83 PERRY ST.,5,Y,N,Y,Y,Y,R,R,R,NR,NR,NR,,
2008,48006,NEWMARKET,EAGLE ST. W./McCAFFREY RD.,5,Y,N,N,Y,Y,R,R,R,NR,NR,NR,,
2008,49005,PARRY SOUND,7 BAY ST.,5,Y,N,N,Y,Y,R,R,NR,NR,NR,NR,,
2008,49010,DORSET,1026 BELLWOOD ACRES RD.,3,Y,N,N,Y,Y,R,R,NR,NR,NR,NR,,
2008,51001,OTTAWA DOWNTOWN,RIDEAU ST./WURTEMBURG ST.,4,Y,N,Y,Y,Y,R,R,R,R,R,NR,,
2008,51002,OTTAWA CENTRAL,960 CARLING AVE.,5,Y,N,N,Y,Y,R,R,R,R,R,NR,,
2008,51010,PETAWAWA,PETAWAWA RESEARCH FOREST FACILITY,6,Y,N,N,Y,Y,R,R,NR,NR,NR,NR,,
2008,52022,KINGSTON,752 KING ST. W.,13,Y,N,Y,Y,Y,R,R,R,NR,R,NR,,
2008,54012,BELLEVILLE,"2 SIDNEY ST., WATER TREATMENT PLANT",10,Y,N,N,Y,Y,R,R,R,NR,NR,NR,,
2008,56010,MORRISBURG,"COUNTY RD. 2, MORRISBURG WATER TOWER",5,Y,N,N,Y,Y,R,R,NR,NR,NR,NR,,
2008,56051,CORNWALL,BEDFORD ST./3RD ST. W.,4,Y,N,N,Y,Y,R,R,R,NR,NR,NR,,
2008,59006,PETERBOROUGH,10 HOSPITAL DR.,10,Y,N,Y,Y,Y,R,R,R,NR,NR,NR,,
2008,63203,THUNDER BAY,421 JAMES ST. S.,15,Y,Y,Y,Y,Y,R,R,R,NR,NR,NR,,
2008,71078,SAULT STE. MARIE,SAULT COLLEGE,8,Y,N,N,Y,Y,R,R,R,R,R,R,,
2008,75010,NORTH BAY,"CHIPPEWA ST. W., DEPT. NATIONAL DEFENCE",4,Y,Y,N,Y,Y,R,R,R,NR,NR,NR,,
2008,77219,SUDBURY,1222 RAMSEY LAKE RD.,3,Y,N,Y,Y,Y,R,R,NR,R,NR,NR,,
2007,12008,WINDSOR DOWNTOWN,467 UNIVERSITY AVE. W.,8,Y,Y,Y,Y,Y,R,R,R,R,R,NR,,
2007,12016,WINDSOR WEST,COLLEGE AVE./SOUTH ST.,4,Y,N,N,Y,Y,R,R,R,R,NR,R,,
2007,13001,CHATHAM,435 GRAND AVE. W.,15,Y,N,Y,Y,Y,R,R,R,R,R,NR,,
2007,14064,SARNIA,"FRONT ST. N./CN TRACKS, CENTENNIAL PARK",3,Y,N,N,Y,Y,R,R,R,R,NR,R,,
2007,15020,GRAND BEND,POINT BLAKE CONSERVATION AREA,5,Y,N,N,Y,Y,R,R,NR,NR,NR,NR,,
2007,15025,LONDON,900 HIGHBURY AVE. N.,4,Y,N,Y,Y,Y,R,R,R,R,R,NR,,
2007,16015,PORT STANLEY,"43665 DEXTER LINE, ELGIN WATER T. PLANT",5,Y,N,N,Y,Y,R,R,NR,NR,NR,NR,,
2007,18007,TIVERTON,4th CONCESSION/BRUCE RD. 23,4,Y,N,N,Y,Y,R,R,R,R,NR,NR,,
2007,21005,BRANTFORD,324 GRAND RIVER AVE.,5,Y,N,Y,Y,Y,R,R,R,NR,NR,NR,,
2007,26060,KITCHENER,WEST AVE./HOMEWOOD AVE.,5,Y,N,Y,Y,Y,R,R,R,NR,NR,NR,,
2007,27067,ST. CATHARINES,"ARGYLE CRES., PUMP STN.",4,Y,N,Y,Y,Y,R,R,R,NR,NR,NR,,
2007,28028,GUELPH,EXHIBITION ST./CLARK ST. W.,4,Y,N,Y,Y,Y,R,R,NR,NR,NR,NR,,
2007,29000,HAMILTON DOWNTOWN,ELGIN ST./KELLY ST.,4,Y,Y,Y,Y,Y,R,R,R,R,R,R,,
2007,29114,HAMILTON MOUNTAIN,VICKERS RD./E. 18TH ST.,3,Y,N,Y,Y,Y,R,R,R,R,NR,NR,,
2007,29118,HAMILTON WEST,MAIN ST. W./HWY 403,3,Y,Y,N,N,Y,R,R,NR,NR,NR,NR,,
2007,31103,TORONTO DOWNTOWN,BAY ST./WELLESLEY ST. W.,10,Y,Y,Y,Y,Y,R,R,R,R,R,NR,,
2007,33003,TORONTO EAST,KENNEDY RD./LAWRENCE AVE. E.,4,Y,Y,Y,Y,Y,R,R,R,NR,NR,NR,,
2007,34020,TORONTO NORTH,HENDON AVE./YONGE ST.,5,Y,Y,Y,Y,Y,R,R,R,NR,NR,NR,,
2007,35125,TORONTO WEST,125 RESOURCES RD.,8,Y,Y,Y,Y,Y,R,R,R,R,R,NR,,
2007,44008,BURLINGTON,NORTH SHORE BLVD. E./LAKESHORE RD.,5,Y,N,Y,Y,Y,R,R,R,NR,NR,NR,,
2007,44017,OAKVILLE,"EIGHTH LINE/GLENASHTON DR., HALTON RESERVOIR",12,Y,N,Y,Y,Y,R,R,R,NR,NR,NR,,
2007,45026,OSHAWA,"2000 SIMCOE ST. N., DURHAM COLLEGE",7,Y,Y,Y,Y,Y,R,R,R,NR,NR,NR,,
2007,46089,BRAMPTON,"525 MAIN ST. N., PEEL MANOR",5,Y,N,Y,Y,Y,R,R,R,NR,NR,NR,,
2007,46109,MISSISSAUGA,FRANK MCKECHNIE COMMUNITY CENTRE,10,Y,N,Y,Y,Y,R,R,NR,NR,NR,NR,,
2007,47045,BARRIE,83 PERRY ST.,5,Y,N,Y,Y,Y,R,R,R,NR,NR,NR,,
2007,48006,NEWMARKET,EAGLE ST. W./McCAFFREY RD.,5,Y,N,N,Y,Y,R,R,R,NR,NR,NR,,
2007,49005,PARRY SOUND,7 BAY ST.,5,Y,N,N,Y,Y,R,R,NR,NR,NR,NR,,
2007,49010,DORSET,1026 BELLWOOD ACRES RD.,3,Y,N,N,Y,Y,R,R,NR,NR,NR,NR,,
2007,51001,OTTAWA DOWNTOWN,RIDEAU ST./WURTEMBURG ST.,4,Y,N,Y,Y,Y,R,R,R,R,R,NR,,
2007,51002,OTTAWA CENTRAL,960 CARLING AVE.,5,Y,N,N,Y,Y,R,R,R,R,R,NR,,
2007,51010,PETAWAWA,PETAWAWA RESEARCH FOREST FACILITY,6,Y,N,N,Y,Y,R,R,NR,NR,NR,NR,,
2007,52022,KINGSTON,752 KING ST. W.,13,Y,N,Y,Y,Y,R,R,R,R,R,NR,,
2007,54012,BELLEVILLE,"2 SIDNEY ST., WATER TREATMENT PLANT",10,Y,N,N,Y,Y,R,R,R,NR,NR,NR,,
2007,56010,MORRISBURG,"COUNTY RD. 2, MORRISBURG WATER TOWER",5,Y,N,N,Y,Y,R,R,NR,NR,NR,NR,,
2007,56051,CORNWALL,BEDFORD ST./3RD ST. W.,4,Y,N,N,Y,Y,R,R,R,NR,NR,NR,,
2007,59006,PETERBOROUGH,10 HOSPITAL DR.,10,Y,N,Y,Y,Y,R,R,R,NR,NR,NR,,
2007,63203,THUNDER BAY,421 JAMES ST. S.,15,Y,Y,Y,Y,Y,R,R,R,NR,NR,NR,,
2007,71078,SAULT STE. MARIE,SAULT COLLEGE,8,Y,N,N,Y,Y,R,R,R,R,R,R,,
2007,75010,NORTH BAY,"CHIPPEWA ST. W., DEPT. NATIONAL DEFENCE",4,Y,Y,N,Y,Y,R,R,R,NR,NR,NR,,
2007,77219,SUDBURY,1222 RAMSEY LAKE RD.,3,Y,N,Y,Y,Y,R,R,NR,R,NR,NR,,
2006,12008,WINDSOR DOWNTOWN,467 UNIVERSITY AVE. W.,8,Y,Y,Y,Y,Y,R,R,R,R,R,NR,,
2006,12016,WINDSOR WEST,COLLEGE AVE./SOUTH ST.,4,Y,N,N,Y,Y,R,R,R,R,NR,R,,
2006,13001,CHATHAM,435 GRAND AVE. W.,15,Y,N,Y,Y,Y,R,R,R,R,R,NR,,
2006,14064,SARNIA,"FRONT ST. N./CN TRACKS, CENTENNIAL PARK",3,Y,N,N,Y,Y,R,R,R,R,NR,R,,
2006,15020,GRAND BEND,POINT BLAKE CONSERVATION AREA,5,Y,N,N,Y,Y,R,R,NR,NR,NR,NR,,
2006,15025,LONDON,900 HIGHBURY AVE. N.,4,Y,N,Y,Y,Y,R,R,R,R,R,NR,,
2006,16015,PORT STANLEY,"43665 DEXTER LINE, ELGIN WATER T. PLANT",5,Y,N,N,Y,Y,R,R,NR,NR,NR,NR,,
2006,18007,TIVERTON,4th CONCESSION/BRUCE RD. 23,4,Y,N,N,Y,Y,R,R,NR,NR,NR,NR,,
2006,21005,BRANTFORD,324 GRAND RIVER AVE.,5,Y,N,Y,Y,Y,R,R,R,R,NR,NR,,
2006,26060,KITCHENER,WEST AVE./HOMEWOOD AVE.,5,Y,N,Y,Y,Y,R,R,R,R,NR,NR,,
2006,27067,ST. CATHARINES,"ARGYLE CRES., PUMP STN.",4,Y,N,Y,Y,Y,R,R,R,R,NR,NR,,
2006,28028,GUELPH,EXHIBITION ST./CLARK ST. W.,4,Y,N,Y,Y,Y,R,R,NR,NR,NR,NR,,
2006,29000,HAMILTON DOWNTOWN,ELGIN ST./KELLY ST.,4,Y,Y,Y,Y,Y,R,R,R,R,R,R,,
2006,29114,HAMILTON MOUNTAIN,VICKERS RD./E. 18TH ST.,3,Y,N,Y,Y,Y,R,R,R,R,NR,NR,,
2006,29118,HAMILTON WEST,MAIN ST. W./HWY 403,3,Y,Y,N,N,Y,R,R,NR,NR,NR,NR,,
2006,31103,TORONTO DOWNTOWN,BAY ST./WELLESLEY ST. W.,10,Y,Y,Y,Y,Y,R,R,R,R,R,NR,,
2006,33003,TORONTO EAST,KENNEDY RD./LAWRENCE AVE. E.,4,Y,Y,Y,Y,Y,R,R,R,NR,NR,NR,,
2006,34020,TORONTO NORTH,HENDON AVE./YONGE ST.,5,Y,Y,Y,Y,Y,R,R,R,NR,NR,NR,,
2006,35125,TORONTO WEST,125 RESOURCES RD.,8,Y,Y,Y,Y,Y,R,R,R,R,R,NR,,
2006,44008,BURLINGTON,NORTH SHORE BLVD. E./LAKESHORE RD.,5,Y,N,Y,Y,Y,R,R,R,R,NR,NR,,
2006,44017,OAKVILLE,"EIGHTH LINE/GLENASHTON DR., HALTON RESERVOIR",12,Y,N,Y,Y,Y,R,R,R,R,NR,NR,,
2006,45026,OSHAWA,"2000 SIMCOE ST. N., DURHAM COLLEGE",7,Y,Y,Y,Y,Y,R,R,R,NR,NR,NR,,
2006,46089,BRAMPTON,"525 MAIN ST. N., PEEL MANOR",5,Y,N,Y,Y,Y,R,R,R,R,NR,NR,,
2006,46109,MISSISSAUGA,FRANK MCKECHNIE COMMUNITY CENTRE,10,Y,N,Y,Y,Y,R,R,NR,R,NR,NR,,
2006,47045,BARRIE,83 PERRY ST.,5,Y,N,Y,Y,Y,R,R,R,R,NR,NR,,
2006,48006,NEWMARKET,EAGLE ST. W./McCAFFREY RD.,5,Y,N,N,Y,Y,R,R,R,R,NR,NR,,
2006,49005,PARRY SOUND,7 BAY ST.,5,Y,N,N,Y,Y,R,R,NR,NR,NR,NR,,
2006,49010,DORSET,1026 BELLWOOD ACRES RD.,3,Y,N,N,Y,Y,R,R,NR,NR,NR,NR,,
2006,51001,OTTAWA DOWNTOWN,RIDEAU ST./WURTEMBURG ST.,4,Y,N,Y,Y,Y,R,R,R,R,R,NR,,
2006,52020,KINGSTON,133 DALTON ST.,5,Y,N,Y,Y,Y,R,R,NR,NR,NR,NR,,
2006,54012,BELLEVILLE,"2 SIDNEY ST., WATER TREATMENT PLANT",10,Y,N,N,Y,Y,R,R,R,NR,NR,NR,,
2006,56010,MORRISBURG,"COUNTY RD. 2, MORRISBURG WATER TOWER",5,Y,N,N,Y,Y,R,R,NR,NR,NR,NR,,
2006,56051,CORNWALL,BEDFORD ST./3RD ST. W.,4,Y,N,N,Y,Y,R,R,R,NR,NR,NR,,
2006,59006,PETERBOROUGH,10 HOSPITAL DR.,10,Y,N,Y,Y,Y,R,R,R,NR,NR,NR,,
2006,63203,THUNDER BAY,421 JAMES ST. S.,15,Y,Y,Y,Y,Y,R,R,R,NR,NR,NR,,
2006,71078,SAULT STE. MARIE,SAULT COLLEGE,8,Y,N,N,Y,Y,R,R,R,R,R,R,,
2006,75010,NORTH BAY,"CHIPPEWA ST. W., DEPT. NATIONAL DEFENCE",4,Y,Y,N,Y,Y,R,R,R,R,NR,NR,,
2006,77219,SUDBURY,1222 RAMSEY LAKE RD.,3,Y,N,Y,Y,Y,R,R,NR,R,NR,NR,,
2005,12008,WINDSOR DOWNTOWN,467 UNIVERSITY AVE. W.,8,Y,Y,Y,Y,Y,R,R,R,R,R,NR,,
2005,12016,WINDSOR WEST,COLLEGE AVE./SOUTH ST.,4,Y,N,N,Y,Y,R,R,R,R,NR,R,,
2005,13001,CHATHAM,435 GRAND AVE. W.,15,Y,N,Y,Y,Y,R,R,R,R,NR,NR,,
2005,14064,SARNIA,"FRONT ST. N./CN TRACKS, CENTENNIAL PARK",3,Y,N,N,Y,Y,R,R,R,R,NR,R,,
2005,15020,GRAND BEND,POINT BLAKE CONSERVATION AREA,5,Y,N,N,Y,Y,R,R,NR,NR,NR,NR,,
2005,15025,LONDON,900 HIGHBURY AVE. N.,4,Y,N,Y,Y,Y,R,R,R,R,NR,NR,,
2005,16015,PORT STANLEY,"43665 DEXTER LINE, ELGIN WATER T. PLANT",5,Y,N,N,Y,Y,R,R,NR,NR,NR,NR,,
2005,18007,TIVERTON,4th CONCESSION/BRUCE RD. 23,4,Y,N,N,Y,Y,R,R,NR,NR,NR,NR,,
2005,21005,BRANTFORD,324 GRAND RIVER AVE.,5,Y,N,Y,Y,Y,R,R,R,R,NR,NR,,
2005,26060,KITCHENER,WEST AVE./HOMEWOOD AVE.,5,Y,N,Y,Y,Y,R,R,R,NR,NR,NR,,
2005,27067,ST. CATHARINES,"ARGYLE CRES., PUMP STN.",4,Y,N,Y,Y,Y,R,R,R,NR,NR,NR,,
2005,28028,GUELPH,EXHIBITION ST./CLARK ST. W.,4,Y,N,Y,Y,Y,R,R,NR,NR,NR,NR,,
2005,29000,HAMILTON DOWNTOWN,ELGIN ST./KELLY ST.,4,Y,Y,Y,Y,Y,R,R,R,R,R,R,,
2005,29114,HAMILTON MOUNTAIN,VICKERS RD./E. 18TH ST.,3,Y,N,Y,Y,Y,R,R,NR,NR,NR,NR,,
2005,29118,HAMILTON WEST,MAIN ST. W./HWY 403,3,Y,Y,N,N,Y,R,R,NR,NR,NR,NR,,
2005,31103,TORONTO DOWNTOWN,BAY ST./WELLESLEY ST. W.,10,Y,Y,Y,Y,Y,R,R,R,R,R,NR,,
2005,33003,TORONTO EAST,KENNEDY RD./LAWRENCE AVE. E.,4,Y,Y,Y,Y,Y,R,R,R,NR,NR,NR,,
2005,34020,TORONTO NORTH,HENDON AVE./YONGE ST.,5,Y,Y,Y,Y,Y,R,R,R,NR,NR,NR,,
2005,35125,TORONTO WEST,125 RESOURCES RD.,8,Y,Y,Y,Y,Y,R,R,R,R,R,NR,,
2005,44008,BURLINGTON,NORTH SHORE BLVD. E./LAKESHORE RD.,5,Y,N,Y,Y,Y,R,R,R,R,NR,NR,,
2005,44017,OAKVILLE,"EIGHTH LINE/GLENASHTON DR., HALTON RESERVOIR",12,Y,N,Y,Y,Y,R,R,R,R,NR,NR,,
2005,45026,OSHAWA,"2000 SIMCOE ST. N., DURHAM COLLEGE",7,Y,Y,Y,Y,Y,R,R,R,NR,NR,NR,,
2005,46089,BRAMPTON,"525 MAIN ST. N., PEEL MANOR",5,Y,N,Y,Y,Y,R,R,R,R,NR,NR,,
2005,46109,MISSISSAUGA,FRANK MCKECHNIE COMMUNITY CENTRE,10,Y,N,Y,Y,Y,R,R,NR,R,NR,NR,,
2005,47045,BARRIE,83 PERRY ST.,5,Y,N,Y,Y,Y,R,R,R,NR,NR,NR,,
2005,48006,NEWMARKET,EAGLE ST. W./McCAFFREY RD.,5,Y,N,N,Y,Y,R,R,R,NR,NR,NR,,
2005,49005,PARRY SOUND,7 BAY ST.,5,Y,N,N,Y,Y,R,R,NR,NR,NR,NR,,
2005,49010,DORSET,1026 BELLWOOD ACRES RD.,3,Y,N,N,Y,Y,R,R,NR,NR,NR,NR,,
2005,51001,OTTAWA DOWNTOWN,RIDEAU ST./WURTEMBURG ST.,4,Y,N,Y,Y,Y,R,R,R,R,R,NR,,
2005,52020,KINGSTON,133 DALTON ST.,5,Y,N,Y,Y,Y,R,NR,NR,NR,NR,NR,,
2005,54012,BELLEVILLE,"2 SIDNEY ST., WATER TREATMENT PLANT",10,Y,N,N,Y,Y,R,R,R,R,NR,NR,,
2005,56010,MORRISBURG,"COUNTY RD. 2, MORRISBURG WATER TOWER",5,Y,N,N,Y,Y,R,R,NR,NR,NR,NR,,
2005,56051,CORNWALL,BEDFORD ST./3RD ST. W.,4,Y,N,N,Y,Y,R,R,NR,NR,NR,NR,,
2005,59006,PETERBOROUGH,10 HOSPITAL DR.,10,Y,N,Y,Y,Y,R,R,NR,NR,NR,NR,,
2005,63203,THUNDER BAY,421 JAMES ST. S.,15,Y,Y,Y,Y,Y,R,R,NR,NR,NR,NR,,
2005,71078,SAULT STE. MARIE,SAULT COLLEGE,8,Y,N,N,Y,Y,R,R,R,R,R,R,,
2005,75010,NORTH BAY,"CHIPPEWA ST. W., DEPT. NATIONAL DEFENCE",4,Y,Y,N,Y,Y,R,R,R,NR,NR,NR,,
2005,77219,SUDBURY,1222 RAMSEY LAKE RD.,3,Y,N,Y,Y,Y,R,R,NR,R,NR,NR,,
2004,12008,WINDSOR DOWNTOWN,467 UNIVERSITY AVE. W.,8,Y,Y,Y,Y,Y,R,R,R,R,R,NR,,
2004,12016,WINDSOR WEST,COLLEGE AVE./SOUTH ST.,4,Y,N,N,Y,Y,R,R,R,R,NR,R,,
2004,13021,MERLIN,MIDDLE RD./MOE WATER PUMP STATION,3,Y,N,N,Y,Y,R,R,R,R,R,NR,,
2004,14064,SARNIA,"FRONT ST. N./CN TRACKS, CENTENNIAL PARK",3,Y,N,N,Y,Y,R,R,R,R,NR,R,,
2004,15020,GRAND BEND,POINT BLAKE CONSERVATION AREA,5,Y,N,N,Y,Y,R,R,NR,NR,NR,NR,,
2004,15025,LONDON,900 HIGHBURY AVE. N.,4,Y,N,Y,Y,Y,R,R,R,R,R,NR,,
2004,16015,PORT STANLEY,"43665 DEXTER LINE, ELGIN WATER T. PLANT",5,Y,N,N,Y,Y,R,R,NR,NR,NR,NR,,
2004,18007,TIVERTON,4th CONCESSION/BRUCE RD. 23,4,Y,N,N,Y,Y,R,R,NR,NR,NR,NR,,
2004,21005,BRANTFORD,324 GRAND RIVER AVE.,5,Y,N,Y,Y,N,R,R,R,R,R,NR,,
2004,26060,KITCHENER,WEST AVE./HOMEWOOD AVE.,5,Y,N,Y,Y,Y,R,R,R,NR,NR,NR,,
2004,27067,ST. CATHARINES,"ARGYLE CRES., PUMP STN.",4,Y,N,Y,Y,Y,R,R,NR,NR,NR,NR,,
2004,28028,GUELPH,EXHIBITION ST./CLARK ST. W.,4,Y,N,Y,Y,Y,R,R,NR,NR,NR,NR,,
2004,29000,HAMILTON DOWNTOWN,ELGIN ST./KELLY ST.,4,Y,Y,Y,Y,Y,R,R,R,R,R,R,,
2004,29114,HAMILTON MOUNTAIN,VICKERS RD./E. 18TH ST.,3,Y,N,Y,Y,Y,R,R,NR,NR,NR,NR,,
2004,29118,HAMILTON WEST,MAIN ST. W./HWY 403,3,Y,Y,N,N,Y,R,R,NR,NR,NR,NR,,
2004,31103,TORONTO DOWNTOWN,BAY ST./WELLESLEY ST. W.,10,Y,Y,Y,Y,Y,R,R,R,R,R,NR,,
2004,33003,TORONTO EAST,KENNEDY RD./LAWRENCE AVE. E.,4,Y,Y,Y,Y,Y,R,R,R,NR,NR,NR,,
2004,34020,TORONTO NORTH,HENDON AVE./YONGE ST.,5,Y,Y,Y,Y,Y,R,R,R,NR,NR,NR,,
2004,35125,TORONTO WEST,125 RESOURCES RD.,8,Y,Y,Y,Y,Y,R,R,R,R,R,NR,,
2004,44008,BURLINGTON,NORTH SHORE BLVD. E./LAKESHORE RD.,5,Y,N,Y,Y,Y,R,R,R,R,R,NR,,
2004,44017,OAKVILLE,"EIGHTH LINE/GLENASHTON DR., HALTON RESERVOIR",12,Y,N,Y,Y,Y,R,R,R,R,R,NR,,
2004,45025,OSHAWA,RITSON ROAD PUBLIC SCHOOL,5,Y,N,Y,Y,Y,R,R,R,NR,NR,NR,,
2004,46089,BRAMPTON,"525 MAIN ST. N., PEEL MANOR",5,Y,N,Y,Y,Y,R,R,R,R,R,NR,,
2004,46109,MISSISSAUGA,FRANK MCKECHNIE COMMUNITY CENTRE,10,Y,N,Y,Y,Y,R,R,NR,R,R,NR,,
2004,47045,BARRIE,83 PERRY ST.,5,Y,N,Y,Y,Y,R,R,R,R,R,NR,,
2004,48006,NEWMARKET,EAGLE ST. W./McCAFFREY RD.,5,Y,N,N,Y,Y,R,R,R,NR,R,NR,,
2004,49005,PARRY SOUND,7 BAY ST.,5,Y,N,N,Y,Y,R,R,NR,NR,NR,NR,,
2004,49010,DORSET,1026 BELLWOOD ACRES RD.,3,Y,N,N,Y,Y,R,R,NR,NR,NR,NR,,
2004,51001,OTTAWA DOWNTOWN,RIDEAU ST./WURTEMBURG ST.,4,Y,N,Y,Y,Y,R,R,R,R,R,NR,,
2004,52020,KINGSTON,133 DALTON ST.,5,Y,N,Y,Y,Y,R,R,NR,NR,NR,NR,,
2004,54012,BELLEVILLE,"2 SIDNEY ST., WATER TREATMENT PLANT",10,Y,N,N,Y,Y,R,R,R,R,R,NR,,
2004,56051,CORNWALL,BEDFORD ST./3RD ST. W.,4,Y,N,N,Y,Y,R,R,NR,NR,NR,NR,,
2004,59006,PETERBOROUGH,10 HOSPITAL DR.,10,Y,N,Y,Y,Y,R,R,NR,NR,NR,NR,,
2004,63203,THUNDER BAY,421 JAMES ST. S.,15,Y,Y,Y,Y,Y,R,R,NR,NR,NR,NR,,
2004,71078,SAULT STE. MARIE,SAULT COLLEGE,8,Y,N,N,Y,Y,R,R,NR,R,R,R,,
2004,75010,NORTH BAY,"CHIPPEWA ST. W., DEPT. NATIONAL DEFENCE",4,Y,Y,N,Y,Y,R,R,R,NR,NR,NR,,
2004,77219,SUDBURY,1222 RAMSEY LAKE RD.,3,Y,N,Y,Y,Y,R,R,R,R,R,NR,,
2003,12008,WINDSOR DOWNTOWN,467 UNIVERSITY AVE. W.,8,Y,Y,Y,Y,Y,R,R,R,R,R,NR,,
2003,12016,WINDSOR WEST,COLLEGE AVE./SOUTH ST.,4,Y,N,N,Y,Y,R,R,R,R,NR,R,,
2003,13021,MERLIN,MIDDLE RD./MOE WATER PUMP STATION,3,Y,N,N,Y,Y,R,R,NR,NR,NR,NR,,
2003,14064,SARNIA,"FRONT ST. N./CN TRACKS, CENTENNIAL PARK",3,Y,N,N,Y,Y,R,R,R,R,NR,R,,
2003,15020,GRAND BEND,POINT BLAKE CONSERVATION AREA,5,Y,N,N,Y,Y,R,R,NR,NR,NR,NR,,
2003,15025,LONDON,900 HIGHBURY AVE. N.,4,Y,N,Y,Y,Y,R,R,R,R,R,NR,,
2003,16015,PORT STANLEY,"43665 DEXTER LINE, ELGIN WATER T. PLANT",5,Y,N,N,Y,Y,R,R,NR,NR,NR,NR,,
2003,18007,TIVERTON,4th CONCESSION/BRUCE RD. 23,4,Y,N,N,Y,Y,R,R,NR,NR,NR,NR,,
2003,22071,SIMCOE,HWY 3/BLUE LINE RD.,5,Y,N,N,Y,Y,R,R,R,NR,NR,NR,,
2003,26060,KITCHENER,WEST AVE./HOMEWOOD AVE.,5,Y,N,Y,Y,Y,R,R,R,R,R,NR,,
2003,27067,ST. CATHARINES,"ARGYLE CRES., PUMP STN.",4,Y,N,Y,Y,Y,R,R,NR,R,NR,NR,,
2003,28028,GUELPH,EXHIBITION ST./CLARK ST. W.,4,Y,N,Y,Y,Y,R,R,R,NR,NR,NR,,
2003,29000,HAMILTON DOWNTOWN,ELGIN ST./KELLY ST.,4,Y,Y,Y,Y,Y,R,R,R,R,R,R,,
2003,29114,HAMILTON MOUNTAIN,VICKERS RD./E. 18TH ST.,3,Y,N,Y,Y,Y,R,R,R,R,NR,R,,
2003,29118,HAMILTON WEST,MAIN ST. W./HWY 403,3,Y,Y,N,N,Y,R,R,R,R,R,R,,
2003,31103,TORONTO DOWNTOWN,BAY ST./WELLESLEY ST. W.,10,Y,Y,Y,Y,Y,R,R,R,R,R,NR,,
2003,33003,TORONTO EAST,KENNEDY RD./LAWRENCE AVE. E.,4,Y,Y,Y,Y,Y,R,R,R,NR,NR,NR,,
2003,34020,TORONTO NORTH,HENDON AVE./YONGE ST.,5,Y,Y,Y,Y,Y,R,R,R,NR,NR,NR,,
2003,35125,TORONTO WEST,125 RESOURCES RD.,8,Y,Y,Y,Y,Y,R,R,R,R,R,NR,,
2003,44008,BURLINGTON,NORTH SHORE BLVD. E./LAKESHORE RD.,5,Y,N,Y,Y,Y,R,R,R,R,R,NR,,
2003,44015,OAKVILLE,BRONTE RD./WOBURN CRES.,5,Y,N,Y,Y,N,R,,R,R,R,R,,
2003,44017,OAKVILLE,"EIGHTH LINE/GLENASHTON DR., HALTON RESERVOIR",12,Y,N,Y,Y,Y,R,R,R,R,R,NR,,
2003,45025,OSHAWA,RITSON ROAD PUBLIC SCHOOL,5,Y,N,Y,Y,Y,R,R,R,NR,NR,NR,,
2003,46089,BRAMPTON,"525 MAIN ST. N., PEEL MANOR",5,Y,N,Y,Y,Y,R,R,R,R,R,NR,,
2003,46110,MISSISSAUGA,MISSISSAUGA GENERAL HOSPITAL,5,Y,N,Y,Y,Y,R,R,R,R,R,NR,,
2003,47045,BARRIE,83 PERRY ST.,5,Y,N,Y,Y,Y,R,R,R,R,R,NR,,
2003,48006,NEWMARKET,EAGLE ST. W./McCAFFREY RD.,5,Y,N,N,Y,Y,R,R,R,R,R,NR,,
2003,49005,PARRY SOUND,7 BAY ST.,5,Y,N,N,Y,Y,R,R,NR,NR,NR,NR,,
2003,49010,DORSET,1026 BELLWOOD ACRES RD.,3,Y,N,N,Y,Y,R,R,NR,NR,NR,NR,,
2003,51001,OTTAWA DOWNTOWN,RIDEAU ST./WURTEMBURG ST.,4,Y,N,Y,Y,Y,R,R,R,R,R,NR,,
2003,52020,KINGSTON,133 DALTON ST.,5,Y,N,Y,Y,Y,R,R,NR,NR,NR,NR,,
2003,54012,BELLEVILLE,"2 SIDNEY ST., WATER TREATMENT PLANT",10,Y,N,N,Y,Y,R,R,R,R,R,NR,,
2003,56051,CORNWALL,BEDFORD ST./3RD ST. W.,4,Y,N,N,Y,Y,R,R,NR,NR,NR,NR,,
2003,59006,PETERBOROUGH,10 HOSPITAL DR.,10,Y,N,Y,Y,Y,R,R,R,R,R,NR,,
2003,63200,THUNDER BAY,615 JAMES ST. S.,3,Y,Y,Y,Y,Y,R,R,R,R,R,R,,
2003,71068,SAULT STE. MARIE,"PATRICK ST., WM. MERRIFIELD SCHOOL",3,Y,N,N,Y,Y,R,R,R,R,NR,R,,
2003,75010,NORTH BAY,"CHIPPEWA ST. W., DEPT. NATIONAL DEFENCE",4,Y,Y,N,Y,Y,R,R,R,NR,NR,NR,,
2003,77203,SUDBURY,100 RAMSEY LAKE RD./SCIENCE NORTH,10,Y,N,Y,Y,Y,R,NR,R,R,R,R,,
2002,12008,WINDSOR DOWNTOWN,467 UNIVERSITY AVE. W.,8,Y,Y,Y,Y,Y,R,R,R,R,R,NR,,
2002,12016,WINDSOR WEST,COLLEGE AVE./SOUTH ST.,4,Y,N,N,Y,Y,R,R,R,R,NR,R,,
2002,13021,MERLIN,MIDDLE RD./MOE WATER PUMP STATION,3,Y,N,N,Y,Y,R,R,NR,NR,NR,NR,,
2002,14064,SARNIA,"FRONT ST. N./CN TRACKS, CENTENNIAL PARK",3,Y,N,N,Y,Y,R,R,R,R,R,R,,
2002,15020,GRAND BEND,POINT BLAKE CONSERVATION AREA,5,Y,N,N,Y,Y,R,NR,NR,NR,NR,NR,,
2002,15025,LONDON,900 HIGHBURY AVE. N.,4,Y,N,Y,Y,Y,R,NR,R,R,R,NR,,
2002,16015,PORT STANLEY,"43665 DEXTER LINE, ELGIN WATER T. PLANT",5,Y,N,N,Y,Y,R,R,NR,NR,NR,NR,,
2002,18007,TIVERTON,4th CONCESSION/BRUCE RD. 23,4,Y,N,N,Y,Y,R,R,NR,NR,NR,NR,,
2002,22071,SIMCOE,HWY 3/BLUE LINE RD.,5,Y,N,N,Y,Y,R,NR,R,R,NR,NR,,
2002,26060,KITCHENER,WEST AVE./HOMEWOOD AVE.,5,Y,N,Y,Y,Y,R,R,R,R,R,NR,,
2002,27067,ST. CATHARINES,"ARGYLE CRES., PUMP STN.",4,Y,N,Y,Y,Y,R,R,R,R,R,NR,,
2002,28028,GUELPH,EXHIBITION ST./CLARK ST. W.,4,Y,N,Y,Y,Y,R,R,R,NR,NR,NR,,
2002,29000,HAMILTON DOWNTOWN,ELGIN ST./KELLY ST.,4,Y,Y,Y,Y,Y,R,R,R,R,R,R,,
2002,29114,HAMILTON MOUNTAIN,VICKERS RD./E. 18TH ST.,3,Y,N,Y,Y,Y,R,R,R,R,NR,R,,
2002,29118,HAMILTON WEST,MAIN ST. W./HWY 403,3,Y,Y,N,N,Y,R,NR,R,R,R,R,,
2002,31103,TORONTO DOWNTOWN,BAY ST./WELLESLEY ST. W.,10,Y,Y,Y,Y,Y,R,R,R,R,R,NR,,
2002,33003,TORONTO EAST,KENNEDY RD./LAWRENCE AVE. E.,4,Y,Y,Y,Y,Y,R,R,R,NR,NR,NR,,
2002,34020,TORONTO NORTH,HENDON AVE./YONGE ST.,5,Y,Y,Y,Y,Y,R,R,R,NR,NR,NR,,
2002,35003,TORONTO WEST,ELMCREST RD./CENTENNIAL PARK,5,Y,N,Y,Y,Y,R,R,R,R,R,NR,,
2002,44008,BURLINGTON,NORTH SHORE BLVD. E./LAKESHORE RD.,5,Y,N,Y,Y,Y,R,R,R,R,R,NR,,
2002,44015,OAKVILLE,BRONTE RD./WOBURN CRES.,5,Y,N,Y,Y,Y,R,NR,R,R,R,R,,
2002,45025,OSHAWA,RITSON ROAD PUBLIC SCHOOL,5,Y,N,Y,Y,Y,R,R,R,NR,NR,NR,,
2002,46089,BRAMPTON,"525 MAIN ST. N., PEEL MANOR",5,Y,N,Y,Y,Y,R,R,R,R,R,NR,,
2002,46110,MISSISSAUGA,MISSISSAUGA GENERAL HOSPITAL,5,Y,N,Y,Y,Y,R,R,R,R,R,NR,,
2002,47045,BARRIE,83 PERRY ST.,5,Y,N,Y,Y,Y,R,R,R,R,R,NR,,
2002,48006,NEWMARKET,EAGLE ST. W./McCAFFREY RD.,5,Y,N,N,Y,Y,R,R,R,R,R,NR,,
2002,49005,PARRY SOUND,7 BAY ST.,5,Y,N,N,Y,Y,R,NR,NR,NR,NR,NR,,
2002,49010,DORSET,1026 BELLWOOD ACRES RD.,3,Y,N,N,Y,Y,R,R,NR,NR,NR,NR,,
2002,51001,OTTAWA DOWNTOWN,RIDEAU ST./WURTEMBURG ST.,4,Y,N,Y,Y,Y,R,R,R,R,R,NR,,
2002,52020,KINGSTON,133 DALTON ST.,5,Y,N,Y,Y,Y,R,NR,NR,NR,NR,NR,,
2002,56051,CORNWALL,BEDFORD ST./3RD ST. W.,4,Y,N,N,Y,Y,R,NR,NR,R,NR,R,,
2002,59006,PETERBOROUGH,10 HOSPITAL DR.,10,Y,N,Y,Y,Y,R,R,R,R,R,NR,,
2002,63200,THUNDER BAY,615 JAMES ST. S.,3,Y,Y,Y,Y,Y,R,R,R,R,R,R,,
2002,71068,SAULT STE. MARIE,"PATRICK ST., WM. MERRIFIELD SCHOOL",3,Y,N,N,Y,Y,R,R,R,R,NR,R,,
2002,75010,NORTH BAY,"CHIPPEWA ST. W., DEPT. NATIONAL DEFENCE",4,Y,Y,N,Y,Y,R,R,R,NR,NR,NR,,
2002,77203,SUDBURY,100 RAMSEY LAKE RD./SCIENCE NORTH,10,Y,N,Y,Y,Y,R,NR,R,R,R,R,,
2001,12008,WINDSOR DOWNTOWN,467 UNIVERSITY AVE. W.,8,Y,Y,Y,Y,Y,R,R,R,R,R,NR,,
2001,12016,WINDSOR WEST,COLLEGE AVE./SOUTH ST.,4,Y,N,N,Y,Y,R,NR,R,R,NR,R,,
2001,13021,MERLIN,MIDDLE RD./MOE WATER PUMP STATION,3,Y,N,N,Y,Y,R,NR,NR,NR,NR,NR,,
2001,14064,SARNIA,"FRONT ST. N./CN TRACKS, CENTENNIAL PARK",3,Y,N,N,Y,Y,R,R,R,R,R,R,,
2001,15020,GRAND BEND,POINT BLAKE CONSERVATION AREA,5,Y,N,N,Y,Y,R,NR,NR,NR,NR,NR,,
2001,15025,LONDON,900 HIGHBURY AVE. N.,4,Y,N,Y,Y,Y,R,R,R,R,R,NR,,
2001,16015,PORT STANLEY,"43665 DEXTER LINE, ELGIN WATER T. PLANT",5,Y,N,N,Y,N,R,R,NR,NR,NR,NR,,
2001,18007,TIVERTON,4th CONCESSION/BRUCE RD. 23,4,Y,N,N,Y,Y,R,R,NR,NR,NR,NR,,
2001,22071,SIMCOE,HWY 3/BLUE LINE RD.,5,Y,N,N,Y,Y,R,R,R,R,NR,NR,,
2001,26060,KITCHENER,WEST AVE./HOMEWOOD AVE.,5,Y,N,Y,Y,Y,R,R,R,R,R,NR,,
2001,27067,ST. CATHARINES,"ARGYLE CRES., PUMP STN.",4,Y,N,Y,Y,Y,R,R,R,R,R,NR,,
2001,28028,GUELPH,EXHIBITION ST./CLARK ST. W.,4,Y,N,Y,Y,Y,R,R,R,NR,NR,NR,,
2001,29000,HAMILTON DOWNTOWN,ELGIN ST./KELLY ST.,4,Y,Y,Y,Y,Y,R,R,R,R,R,R,,
2001,29114,HAMILTON MOUNTAIN,VICKERS RD./E. 18TH ST.,3,Y,N,Y,Y,Y,R,R,R,R,NR,R,,
2001,29118,HAMILTON WEST,MAIN ST. W./HWY 403,3,Y,Y,N,N,Y,R,NR,R,R,R,R,,
2001,31103,TORONTO DOWNTOWN,BAY ST./WELLESLEY ST. W.,10,Y,Y,Y,Y,Y,R,R,R,R,R,NR,,
2001,33003,TORONTO EAST,KENNEDY RD./LAWRENCE AVE. E.,4,Y,Y,Y,Y,Y,R,NR,R,NR,NR,NR,,
2001,34020,TORONTO NORTH,HENDON AVE./YONGE ST.,5,Y,Y,Y,Y,Y,R,R,R,NR,NR,NR,,
2001,35003,TORONTO WEST,ELMCREST RD./CENTENNIAL PARK,5,Y,N,Y,Y,Y,R,NR,R,R,R,NR,,
2001,44008,BURLINGTON,NORTH SHORE BLVD. E./LAKESHORE RD.,5,Y,N,Y,Y,Y,R,R,R,R,R,NR,,
2001,44015,OAKVILLE,BRONTE RD./WOBURN CRES.,5,Y,N,Y,Y,Y,R,NR,R,R,R,R,,
2001,45025,OSHAWA,RITSON ROAD PUBLIC SCHOOL,5,Y,N,Y,Y,Y,R,R,R,NR,NR,NR,,
2001,46089,BRAMPTON,"525 MAIN ST. N., PEEL MANOR",5,Y,N,Y,Y,Y,R,R,R,R,R,NR,,
2001,46110,MISSISSAUGA,MISSISSAUGA GENERAL HOSPITAL,5,Y,N,Y,Y,Y,R,R,R,R,R,NR,,
2001,47045,BARRIE,83 PERRY ST.,5,Y,N,Y,Y,N,R,R,R,R,R,NR,,
2001,48002,STOUFFVILLE,HWY 47/E. HWY 48,5,Y,N,N,Y,Y,R,NR,R,NR,NR,NR,,
2001,49005,PARRY SOUND,7 BAY ST.,5,Y,N,N,Y,Y,R,NR,NR,NR,NR,NR,,
2001,49010,DORSET,1026 BELLWOOD ACRES RD.,3,Y,N,N,Y,Y,R,R,R,NR,NR,NR,,
2001,51001,OTTAWA DOWNTOWN,RIDEAU ST./WURTEMBURG ST.,4,Y,N,Y,Y,Y,R,R,R,R,R,NR,,
2001,52020,KINGSTON,133 DALTON ST.,5,Y,N,Y,Y,Y,R,NR,NR,NR,NR,NR,,
2001,56051,CORNWALL,BEDFORD ST./3RD ST. W.,4,Y,N,N,Y,Y,R,NR,NR,R,NR,NR,,
2001,59006,PETERBOROUGH,10 HOSPITAL DR.,10,Y,N,Y,Y,Y,R,R,R,R,R,NR,,
2001,63200,THUNDER BAY,615 JAMES ST. S.,3,Y,Y,Y,Y,Y,R,R,R,R,R,R,,
2001,71068,SAULT STE. MARIE,"PATRICK ST., WM. MERRIFIELD SCHOOL",3,Y,N,N,Y,Y,R,NR,R,R,NR,R,,
2001,75010,NORTH BAY,"CHIPPEWA ST. W., DEPT. NATIONAL DEFENCE",4,Y,Y,N,Y,Y,R,R,R,NR,NR,NR,,
2001,77203,SUDBURY,"100 RAMSEY LAKE RD., SCIENCE NORTH",10,Y,N,Y,Y,Y,R,NR,R,R,R,R,,
2000,12008,WINDSOR DOWNTOWN,467 UNIVERSITY AVE. W.,8,Y,Y,Y,Y,Y,R,NR,R,R,R,NR,,
2000,12016,WINDSOR WEST,COLLEGE AVE./SOUTH ST.,4,Y,N,N,Y,Y,R,NR,R,R,NR,R,,
2000,13021,MERLIN,MIDDLE RD./MOE WATER PUMP STATION,3,Y,N,N,Y,Y,R,NR,NR,NR,NR,NR,,
2000,14064,SARNIA,"FRONT ST. N./CN TRACKS, CENTENNIAL PARK",3,Y,N,N,Y,Y,R,R,R,R,R,R,,
2000,15020,GRAND BEND,POINT BLAKE CONSERVATION AREA,5,Y,N,N,Y,Y,R,NR,NR,NR,NR,NR,,
2000,15025,LONDON,900 HIGHBURY AVE. N.,4,Y,N,Y,Y,Y,R,NR,R,R,R,NR,,
2000,18007,TIVERTON,4th CONCESSION/BRUCE RD. 23,4,Y,N,N,Y,Y,R,R,NR,NR,NR,NR,,
2000,22071,SIMCOE,HWY 3/BLUE LINE RD.,5,Y,N,N,Y,Y,R,R,R,R,NR,NR,,
2000,26060,KITCHENER,WEST AVE./HOMEWOOD AVE.,5,Y,N,Y,Y,Y,R,R,R,R,R,NR,,
2000,27067,ST. CATHARINES,"ARGYLE CRES., PUMP STN.",4,Y,N,Y,Y,Y,R,R,R,R,R,NR,,
2000,28028,GUELPH,EXHIBITION ST./CLARK ST. W.,4,Y,N,Y,Y,Y,R,R,NR,NR,NR,NR,,
2000,29000,HAMILTON DOWNTOWN,ELGIN ST./KELLY ST.,4,Y,Y,Y,Y,Y,R,R,R,R,R,R,,
2000,29114,HAMILTON MOUNTAIN,VICKERS RD./E. 18TH ST.,3,Y,N,Y,Y,Y,R,R,R,R,NR,R,,
2000,29118,HAMILTON WEST,MAIN ST. W./HWY 403,3,Y,Y,N,N,Y,R,NR,R,R,R,R,,
2000,31103,TORONTO DOWNTOWN,BAY ST./WELLESLEY ST. W.,10,Y,Y,Y,Y,Y,R,R,R,R,R,NR,,
2000,33003,TORONTO EAST,KENNEDY RD./LAWRENCE AVE. E.,4,Y,Y,Y,Y,Y,R,NR,R,NR,NR,NR,,
2000,34020,TORONTO NORTH,HENDON AVE./YONGE ST.,5,Y,Y,Y,Y,Y,R,R,R,NR,NR,NR,,
2000,35003,TORONTO WEST,ELMCREST RD./CENTENNIAL PARK,5,Y,N,Y,Y,Y,R,NR,R,R,R,NR,,
2000,44008,BURLINGTON,NORTH SHORE BLVD. E./LAKESHORE RD.,5,Y,N,Y,Y,Y,R,NR,R,R,R,NR,,
2000,44015,OAKVILLE,BRONTE RD./WOBURN CRES.,5,Y,N,Y,Y,Y,R,NR,R,R,R,R,,
2000,45025,OSHAWA,RITSON ROAD PUBLIC SCHOOL,5,Y,N,Y,Y,Y,R,R,R,NR,NR,NR,,
2000,46089,BRAMPTON,"525 MAIN ST. N., PEEL MANOR",5,Y,N,Y,Y,Y,R,R,R,R,R,NR,,
2000,46110,MISSISSAUGA,MISSISSAUGA GENERAL HOSPITAL,5,Y,N,Y,Y,Y,R,R,R,R,R,NR,,
2000,48002,STOUFFVILLE,HWY 47/E. HWY 48,5,Y,N,N,Y,Y,R,NR,R,NR,NR,NR,,
2000,49010,DORSET,1026 BELLWOOD ACRES RD.,3,Y,N,N,Y,Y,R,R,R,NR,NR,NR,,
2000,51001,OTTAWA DOWNTOWN,RIDEAU ST./WURTEMBURG ST.,4,Y,N,Y,Y,Y,R,R,R,R,R,NR,,
2000,52020,KINGSTON,133 DALTON ST.,5,Y,N,Y,Y,Y,R,NR,NR,NR,NR,NR,,
2000,56051,CORNWALL,BEDFORD ST./3RD ST. W.,4,Y,N,N,Y,Y,R,NR,R,R,R,R,,
2000,59006,PETERBOROUGH,10 HOSPITAL DR.,10,Y,N,Y,Y,Y,R,NR,R,R,R,NR,,
2000,63200,THUNDER BAY,615 JAMES ST. S.,3,Y,Y,Y,Y,Y,R,NR,R,R,R,R,,
2000,71068,SAULT STE. MARIE,"PATRICK ST., WM. MERRIFIELD SCHOOL",3,Y,N,N,Y,Y,R,NR,R,R,NR,R,,
2000,75010,NORTH BAY,"CHIPPEWA ST. W., DEPT. NATIONAL DEFENCE",4,Y,Y,N,Y,Y,R,R,NR,NR,NR,NR,,
2000,77203,SUDBURY,"100 RAMSEY LAKE RD., SCIENCE NORTH",10,Y,N,Y,Y,Y,R,NR,R,R,R,R,,
