Year,Station Number,City,Location,Type,Valid Hour,10th Percentile,30th Percentile,50th Percentile,70th Percentile,90th Percentile,99 Percentile,Mean,1-Hour Maximum,24-Hour  Maximum,No. of Times Above 1-Hour Criterion,
2022,12008,Windsor Downtown,467 University Ave. W.,A,8529,14,23,30,36,47,65,30.4,84,58.2,4,
2022,12016,Windsor West,College Ave./South St.,A,8682,13,23,29,36,47,63,29.5,81,56.8,1,
2022,13001,Chatham,435 Grand Ave. W.,A,8671,17,25,31,37,46,63,31.6,85,57.9,3,
2022,14111,Sarnia,700 Christina St. N.,A,8613,16,25,31,37,45,62,31.0,97,54.6,5,
2022,15020,Grand Bend,Point Blake Conservation Area,A,8656,18,27,32,37,44,62,31.9,92,60.9,7,
2022,15026,London,42 St. Julien St.,A,8668,12,24,30,36,45,59,29.6,89,60.1,4,
2022,16015,Port Stanley,"43665 Dexter Line, Elgin Water T. Plt",A,8678,17,26,31,36,44,60,31.1,89,60.9,6,
2022,18007,Tiverton,4th Concession/Bruce Rd. 23,A,8616,19,26,32,37,45,61,31.9,85,63.1,6,
2022,21005,Brantford,324 Grand River Ave.,A,8596,11,22,30,36,45,60,29.0,90,60.4,6,
2022,26060,Kitchener,West Ave./Homewood Ave.,A,8558,14,24,29,35,43,58,28.9,79,55.5,0,
2022,27067,St. Catharines,"Argyle Cres., Pump Stn.",A,8649,14,24,30,36,44,59,29.8,84,59.0,1,
2022,28028,Guelph,Exhibition St./Clark St. W.,A,8672,14,25,31,37,46,63,30.9,82,58.1,2,
2022,29000,Hamilton Downtown,Elgin St./Kelly St.,A,8626,9,20,26,32,41,56,25.9,84,57.1,3,
2022,29118,Hamilton West,Main St. W./Hwy 403,A,8666,6,19,26,32,41,56,25.2,82,61.6,2,
2022,29214,Hamilton Mountain,250 Fennell Ave. W.,A,8677,14,23,28,33,42,57,28.2,81,57.9,1,
2022,31129,Toronto Downtown,55 John St.,A,8581,10,18,24,30,38,54,24.3,72,47.4,0,
2022,33003,Toronto East,Kennedy Rd./Lawrence Ave. E.,A,8673,10,20,25,31,39,53,25.1,77,49.0,0,
2022,34021,Toronto North,"4905 Dufferin St., Eccc",A,8726,8,18,25,30,40,58,24.3,81,47.6,2,
2022,35125,Toronto West,125 Resources Rd.,A,8606,5,15,22,28,38,55,22.0,70,45.0,0,
2022,44008,Burlington,North Shore Blvd. E./Lakeshore Rd.,A,8692,10,21,27,33,41,56,26.6,79,54.8,0,
2022,44017,Oakville,"Eighth Line/Glenashton Dr., Halton Res.",A,8680,13,22,28,34,43,58,28.1,83,56.8,3,
2022,44029,Milton,1120 Main St. E.,A,8634,9,21,28,34,44,60,27.6,81,57.8,1,
2022,45027,Oshawa,"Brittania Ave. W., Ep Taylor Stables",A,8718,10,21,28,33,40,53,26.6,80,46.1,0,
2022,46090,Brampton,109 Mclaughlin Rd. S.,A,8693,10,21,28,33,42,58,27.0,75,52.2,0,
2022,46108,Mississauga,"3359 Mississauga Rd. N., U Of T Campus",A,8626,7,20,26,32,41,57,25.7,80,55.0,0,
2022,47045,Barrie,83 Perry St.,A,8513,11,20,26,31,39,52,25.3,71,43.7,0,
2022,48006,Newmarket,Eagle St. W./Mccaffrey Rd.,A,8693,13,23,28,34,42,58,28.1,90,51.3,2,
2022,49005,Parry Sound,7 Bay St.,A,8480,16,24,30,35,44,57,29.9,73,52.5,0,
2022,49010,Dorset,1026 Bellwood Acres Rd.,A,8693,9,21,27,33,41,54,26.3,64,44.2,0,
2022,51001,Ottawa Downtown,Rideau St./Wurtemburg St.,A,8755,12,21,26,32,40,52,26.1,61,48.9,0,
2022,52023,Kingston,23 Beechgrove Lane,A,8687,17,25,30,35,42,56,29.9,79,57.1,0,
2022,54012,Belleville,"2 Sidney St., Water Treatment Plant",A,8693,15,25,31,36,44,59,30.3,96,62.1,7,
2022,56051,Cornwall,Bedford St./3rd St. W.,A,8690,11,21,27,32,40,51,26.3,66,53.3,0,
2022,59006,Peterborough,10 Hospital Dr.,A,8603,13,22,28,33,41,54,27.4,79,51.9,0,
2022,63203,Thunder Bay,421 James St. S.,A,8347,8,19,26,31,38,45,24.6,58,45.0,0,
2022,71078,Sault Ste. Marie,Sault College,A,8745,15,24,29,34,42,55,28.8,75,57.4,0,
2022,75010,North Bay,"Chippewa St. W., Dept. National Defence",A,8745,10,21,28,33,43,57,27.2,72,49.7,0,
2022,77233,Sudbury,155 Elm St.,A,8690,12,21,26,30,38,53,25.6,64,49.3,0,
2021,12008,Windsor Downtown,467 University Ave. W.,A,8689,13,22,28,35,46,64,28.8,82,56.1,2,
2021,12016,Windsor West,College Ave./South St.,A,8680,13,23,29,35,46,64,29.4,86,57.0,2,
2021,13001,Chatham,435 Grand Ave. W.,A,8745,17,24,30,35,46,62,30.4,75,59.9,0,
2021,14111,Sarnia,700 Christina St. N.,A,8445,15,23,28,36,47,68,30.2,97,57.8,6,
2021,15020,Grand Bend,Point Blake Conservation Area,A,8618,17,26,32,37,45,66,32.0,104,62.1,18,
2021,15026,London,42 St. Julien St.,A,8675,11,22,29,35,45,61,28.9,78,59.8,0,
2021,16015,Port Stanley,"43665 Dexter Line, Elgin Water T. Plt",A,8688,18,25,31,36,46,63,31.4,74,58.7,0,
2021,18007,Tiverton,4th Concession/Bruce Rd. 23,A,8593,19,27,32,37,45,64,32.4,78,64.5,0,
2021,21005,Brantford,324 Grand River Ave.,A,8660,11,22,29,35,45,62,28.5,79,61.2,0,
2021,26060,Kitchener,West Ave./Homewood Ave.,A,8693,14,23,28,34,42,60,28.4,81,58.3,1,
2021,27067,St. Catharines,"Argyle Cres., Pump Stn.",A,8645,13,24,30,36,45,62,29.8,73,61.7,0,
2021,28028,Guelph,Exhibition St./Clark St. W.,A,8676,13,23,30,35,44,63,29.5,83,61.1,4,
2021,29000,Hamilton Downtown,Elgin St./Kelly St.,A,8623,10,19,26,32,43,60,26.4,80,61.9,0,
2021,29118,Hamilton West,Main St. W./Hwy 403,A,8683,6,18,25,31,41,58,24.9,78,59.8,0,
2021,29214,Hamilton Mountain,250 Fennell Ave. W.,A,8694,13,22,28,34,44,61,28.7,80,62.5,0,
2021,31129,Toronto Downtown,55 John St.,A,8753,11,20,26,31,41,61,26.3,86,57.5,4,
2021,33003,Toronto East,Kennedy Rd./Lawrence Ave. E.,A,8677,10,20,26,32,41,60,26.2,78,55.1,0,
2021,34021,Toronto North,"4905 Dufferin St., ECCC",A,8466,9,19,26,32,43,64,26.4,86,61.4,3,
2021,35125,Toronto West,125 Resources Rd.,A,8667,5,15,22,29,39,61,22.8,81,56.1,1,
2021,44008,Burlington,North Shore Blvd. E./Lakeshore Rd.,A,8681,11,21,27,34,43,60,27.4,80,59.4,0,
2021,44017,Oakville,"Eighth Line/Glenashton Dr., Halton Res.",A,8700,13,22,29,34,44,63,28.8,84,61.8,2,
2021,44029,Milton,1120 Main St. E.,A,8663,9,21,28,34,43,63,27.2,84,61.5,3,
2021,45027,Oshawa,"Brittania Ave. W., EP Taylor Stables",A,8704,9,21,28,33,42,62,26.9,80,47.6,0,
2021,46090,Brampton,109 Mclaughlin Rd. S.,A,8670,11,22,29,35,44,64,28.3,84,61.3,3,
2021,46108,Mississauga,"3359 Mississauga Rd. N., U of T Campus",A,8390,8,19,27,33,42,61,26.2,81,60.8,1,
2021,47045,Barrie,83 Perry St.,A,8727,9,19,25,31,39,55,25.0,82,50.2,1,
2021,48006,Newmarket,Eagle St. W./McCaffrey Rd.,A,8692,15,24,30,36,44,63,30.2,81,61.6,1,
2021,49005,Parry Sound,7 Bay St.,A,8700,17,25,30,35,44,61,30.3,80,58.3,0,
2021,49010,Dorset,1026 Bellwood Acres Rd.,A,8741,9,21,28,34,42,59,26.8,70,47.6,0,
2021,51001,Ottawa Downtown,Rideau St./Wurtemburg St.,A,8756,11,20,26,32,40,56,25.8,68,51.2,0,
2021,51010,Petawawa,Petawawa Research Forest Facility,A,8710,11,20,27,33,41,55,26.7,66,52.3,0,
2021,52023,Kingston,23 Beechgrove Lane,A,8692,15,24,30,36,44,62,30.2,78,62.5,0,
2021,54012,Belleville,"2 Sidney St., Water Treatment Plant",A,8627,14,24,30,36,46,65,30.3,82,64.3,1,
2021,56051,Cornwall,Bedford St./3rd St. W.,A,8696,11,21,27,33,42,57,26.7,70,58.3,0,
2021,59006,Peterborough,10 Hospital Dr.,A,8670,13,22,28,35,43,61,28.6,85,57.4,1,
2021,63203,Thunder Bay,421 James St. S.,A,8759,8,19,25,31,39,50,24.4,65,49.9,0,
2021,71078,Sault Ste. Marie,Sault College,A,8725,16,24,29,34,42,56,29.2,66,52.5,0,
2021,75010,North Bay,"Chippewa St. W., Dept. National Defence",A,8411,10,21,27,32,41,58,26.4,71,54.1,0,
2021,77233,Sudbury,155 Elm St.,A,8635,12,19,24,29,36,47,23.9,56,45.2,0,
2020,12008,Windsor Downtown,467 University Ave. W.,A,8705,12,21,27,32,43,64,27.3,81,52.9,1,
2020,12016,Windsor West,College Ave./South St.,A,8644,11,20,26,31,41,61,26.0,83,48.7,2,
2020,13001,Chatham,435 Grand Ave. W.,A,8744,15,23,28,34,43,61,29.1,77,56.4,0,
2020,14111,Sarnia,700 Christina St. N.,A,8719,13,21,26,32,39,62,26.7,82,49.5,1,
2020,15020,Grand Bend,Point Blake Conservation Area,A,8709,17,25,31,36,43,65,30.9,93,54.7,12,
2020,15026,London,42 St. Julien St.,A,8648,11,22,28,34,42,60,27.7,77,49.6,0,
2020,16015,Port Stanley,"43665 Dexter Line, Elgin Water T. Plant",A,8669,17,25,31,36,44,61,30.9,76,53.3,0,
2020,18007,Tiverton,4th Concession/Bruce Rd. 23,A,8510,18,26,31,35,41,58,30.5,75,52.1,0,
2020,21005,Brantford,324 Grand River Ave.,A,8716,12,22,28,34,43,60,28.0,74,49.3,0,
2020,26060,Kitchener,West Ave./Homewood Ave.,A,8697,14,22,28,33,40,57,27.7,74,46.0,0,
2020,27067,St. Catharines,"Argyle Cres., Pump Stn.",A,8730,15,25,30,36,45,60,30.2,75,54.3,0,
2020,28028,Guelph,Exhibition St./Clark St. W.,A,8711,13,22,27,32,41,59,27.0,70,48.5,0,
2020,29000,Hamilton Downtown,Elgin St./Kelly St.,A,8752,11,20,26,32,41,58,26.3,77,52.4,0,
2020,29118,Hamilton West,Main St. W./Hwy 403,A,8689,8,19,26,31,41,58,25.2,76,49.7,0,
2020,29214,Hamilton Mountain,250 Fennell Ave. W.,A,8742,14,23,29,35,44,61,29.3,79,53.3,0,
2020,31129,Toronto Downtown,55 John St.,A,8632,10,18,24,29,38,57,24.2,76,48.3,0,
2020,33003,Toronto East,Kennedy Rd./Lawrence Ave. E.,A,8717,11,20,26,32,40,59,26.1,77,50.6,0,
2020,34021,Toronto North,"4905 Dufferin St., ECCC",A,8704,9,19,26,32,41,62,26.0,95,52.2,9,
2020,35125,Toronto West,125 Resources Rd.,A,8663,6,16,23,30,39,58,23.4,81,47.5,1,
2020,44008,Burlington,North Shore Blvd. E./Lakeshore Rd.,A,8757,12,22,28,34,43,63,28.3,86,51.1,2,
2020,44017,Oakville,"Eighth Line/Glenashton Dr., Halton Res.",A,8739,13,22,28,33,41,60,28.0,81,50.8,1,
2020,44029,Milton,1120 Main St. E.,A,8514,9,21,27,33,42,61,26.8,77,49.5,0,
2020,45027,Oshawa,"Brittania Ave. W., EP Taylor Stables",A,8754,9,20,27,33,40,62,26.4,88,47.0,4,
2020,46090,Brampton,109 McLaughlin Rd. S.,A,8692,12,22,29,35,43,62,28.4,83,53.2,3,
2020,46108,Mississauga,"3359 Mississauga Rd. N., U of T Campus",A,8720,8,20,26,32,40,57,25.6,80,47.4,0,
2020,47045,Barrie,83 Perry St.,A,8750,10,20,26,32,39,55,25.9,70,48.3,0,
2020,48006,Newmarket,Eagle St. W./McCaffrey Rd.,A,8722,14,23,29,34,41,60,28.5,87,54.2,3,
2020,49005,Parry Sound,7 Bay St.,A,8717,16,25,30,36,43,57,29.9,73,49.9,0,
2020,49010,Dorset,1026 Bellwood Acres Rd.,A,8694,10,21,28,34,42,53,27.1,66,43.5,0,
2020,51001,Ottawa Downtown,Rideau St./Wurtemburg St.,A,8770,10,19,26,31,39,53,25.2,64,50.9,0,
2020,51010,Petawawa,Petawawa Research Forest Facility,A,8776,11,21,28,34,41,51,26.9,63,45.5,0,
2020,52023,Kingston,23 Beechgrove Lane,A,8715,17,25,30,35,43,58,30.1,72,53.5,0,
2020,54012,Belleville,"2 Sidney St., Water Treatment Plant",A,8744,15,24,30,35,43,61,29.7,81,52.8,1,
2020,56051,Cornwall,Bedford St./3rd St. W.,A,8718,12,21,27,32,40,51,26.4,62,47.8,0,
2020,59006,Peterborough,10 Hospital Dr.,A,8351,14,22,28,33,40,54,27.6,87,49.0,2,
2020,63203,Thunder Bay,421 James St. S.,A,8756,8,18,24,29,36,44,22.9,56,44.0,0,
2020,71078,Sault Ste. Marie,Sault College,A,8756,14,23,29,34,40,57,28.2,77,58.3,0,
2020,75010,North Bay,"Chippewa St. W., Dept. National Defence",A,8764,10,21,27,32,40,52,26.2,74,48.8,0,
2020,77233,Sudbury,155 Elm St.,A,8698,10,19,25,31,38,51,24.8,62,52.6,0,
2019,12008,Windsor Downtown,467 University Ave. W.,A,8512,11,20,26,32,42,60,26.6,82,55.5,1,
2019,12016,Windsor West,College Ave./South St.,A,8635,10,20,27,34,44,61,27.3,80,48.5,0,
2019,13001,Chatham,435 Grand Ave. W.,A,8724,14,23,29,35,44,59,29.2,76,52.6,0,
2019,14111,Sarnia,700 Christina St. N.,A,8675,14,23,29,36,45,62,29.2,87,56.3,4,
2019,15020,Grand Bend,Point Blake Conservation Area,A,8528,17,26,32,37,45,60,31.6,85,52.5,7,
2019,15026,London,42 St. Julien St.,A,8694,9,21,27,33,43,55,26.8,70,49.3,0,
2019,16015,Port Stanley,"43665 Dexter Line, Elgin Water T. Plant",A,8666,17,26,32,38,48,61,32.3,77,55.9,0,
2019,18007,Tiverton,4th Concession/Bruce Rd. 23,A,8694,18,25,31,37,43,56,31.1,81,54.3,1,
2019,21005,Brantford,324 Grand River Ave.,A,8680,10,21,28,34,44,56,27.5,74,49.3,0,
2019,26060,Kitchener,West Ave./Homewood Ave.,A,8697,11,21,27,33,43,55,27.2,77,47.2,0,
2019,27067,St. Catharines,"Argyle Cres., Pump Stn.",A,8704,12,23,29,35,43,56,28.4,70,47.5,0,
2019,28028,Guelph,Exhibition St./Clark St. W.,A,8690,11,21,27,33,41,53,26.3,74,47.2,0,
2019,29000,Hamilton Downtown,Elgin St./Kelly St.,A,8677,7,18,24,31,40,53,24.4,65,47.3,0,
2019,29118,Hamilton West,Main St. W./Hwy 403,A,8689,4,17,24,31,40,52,23.6,65,46.2,0,
2019,29214,Hamilton Mountain,250 Fennell Ave. W.,A,8747,12,21,27,33,43,56,27.5,70,51.3,0,
2019,31103,Toronto Downtown,Bay St./Wellesley St. W.,A,2827,13,22,28,34,40,49,INS,INS,INS,0,
2019,31129,Toronto Downtown,55 John St.,A,4589,7,15,20,25,37,55,INS,76,46.0,0,
2019,33003,Toronto East,Kennedy Rd./Lawrence Ave. E.,A,8667,9,19,25,31,39,51,24.6,67,46.7,0,
2019,34021,Toronto North,"4905 Dufferin St., ECCC",A,8585,7,17,24,31,40,53,24.1,77,43.1,0,
2019,35125,Toronto West,125 Resources Rd.,A,8463,4,15,22,28,38,55,21.8,77,44.2,0,
2019,44008,Burlington,North Shore Blvd. E./Lakeshore Rd.,A,8694,9,20,27,34,42,56,26.6,74,46.8,0,
2019,44017,Oakville,"Eighth Line/Glenashton Dr., Halton Res.",A,8685,11,21,27,33,42,56,27.1,71,49.7,0,
2019,44029,Milton,1120 Main St. E.,A,8573,8,21,27,34,43,58,26.9,77,49.9,0,
2019,45027,Oshawa,"Brittania Ave. W., EP Taylor Stables",A,8706,9,20,25,30,37,51,24.4,66,39.5,0,
2019,46090,Brampton,109 McLaughlin Rd. S.,A,8611,9,20,27,33,42,55,26.5,72,49.4,0,
2019,46108,Mississauga,"3359 Mississauga Rd. N., U of T Campus",A,8717,5,18,25,32,41,53,24.5,65,47.5,0,
2019,47045,Barrie,83 Perry St.,A,8712,9,20,26,33,40,51,25.7,75,46.8,0,
2019,48006,Newmarket,Eagle St. W./McCaffrey Rd.,A,8642,13,22,28,34,41,54,27.8,88,48.0,4,
2019,49005,Parry Sound,7 Bay St.,A,8682,16,25,30,36,43,54,29.8,68,48.3,0,
2019,49010,Dorset,1026 Bellwood Acres Rd.,A,8671,10,22,28,35,42,52,27.5,64,47.0,0,
2019,51001,Ottawa Downtown,Rideau St./Wurtemburg St.,A,8725,11,20,26,32,39,49,25.9,57,45.9,0,
2019,51010,Petawawa,Petawawa Research Forest Facility,A,8746,12,22,28,34,41,49,27.3,58,47.3,0,
2019,52023,Kingston,23 Beechgrove Lane,A,8680,16,25,30,35,43,55,29.9,68,50.8,0,
2019,54012,Belleville,"2 Sidney St., Water Treatment Plant",A,8743,15,24,30,35,43,56,29.6,73,50.8,0,
2019,56051,Cornwall,Bedford St./3rd St. W.,A,8686,12,22,28,33,40,50,26.9,58,45.7,0,
2019,59006,Peterborough,10 Hospital Dr.,A,8684,14,23,28,34,42,53,28.3,68,47.7,0,
2019,63203,Thunder Bay,421 James St. S.,A,8695,8,18,24,30,37,48,23.7,56,46.8,0,
2019,71078,Sault Ste. Marie,Sault College,A,8652,15,23,28,34,41,51,28.1,61,50.3,0,
2019,75010,North Bay,"Chippewa St. W., Dept. National Defence",A,8722,11,21,27,32,40,50,26.4,63,45.9,0,
2019,77233,Sudbury,155 Elm St.,A,8607,12,21,27,32,39,49,26.3,75,45.8,0,
2019,81103,Toronto Downtown,Wallberg Building U of T,A,1191,14,25,31,36,43,54,INS,64,44.0,0,
2018,12008,Windsor Downtown,467 University Ave. W.,A,8379,9,19,26,33,46,68,26.9,89,54,10,
2018,12016,Windsor West,College Ave./South St.,A,8716,8,19,26,34,46,67,27.0,90,56,13,
2018,13001,Chatham,435 Grand Ave. W.,A,8737,14,22,28,34,44,61,28.7,78,53,0,
2018,14111,Sarnia,700 Christina St. N.,A,8686,12,21,28,35,46,68,29.0,101,58,18,
2018,15020,Grand Bend,Point Blake Conservation Area,A,8614,17,25,31,37,45,68,31.5,100,64,20,
2018,15026,London,42 St. Julien St.,A,8665,10,21,27,34,44,63.36,27.6,76,57,0,
2018,16015,Port Stanley,"43665 Dexter Line, Elgin Water T. Plt",A,8634,17,25,32,38,48,69.67,32.3,86,69,7,
2018,18007,Tiverton,4th Concession/Bruce Rd. 23,A,8676,18,26,32,38,45,64,32.3,104,65,12,
2018,21005,Brantford,324 Grand River Ave.,A,8694,10,21,28,35,45,62,28.3,76,59,0,
2018,26060,Kitchener,West Ave./Homewood Ave.,A,8687,12,21,28,34,44,60.14,27.7,75,60,0,
2018,27067,St. Catharines,"Argyle Cres., Pump Stn.",A,8690,12,22,28,35,44,61,28.5,75,61,0,
2018,28028,Guelph,Exhibition St./Clark St. W.,A,8650,12,22,29,36,45,62,28.9,78,59,0,
2018,29000,Hamilton Downtown,Elgin St./Kelly St.,A,8734,8,19,25,31,43,61,25.6,77,61,0,
2018,29114,Hamilton Mountain,Vickers Rd./E. 18th St.,A,8645,13,22,29,35,46,64.56,29.3,80,67,0,
2018,29118,Hamilton West,Main St. W./Hwy 403,A,8686,6,18,26,32,43,61,25.5,76,60,0,
2018,31103,Toronto Downtown,Bay St./Wellesley St. W.,A,8697,10,19,25,32,42,62,25.8,80,56,0,
2018,33003,Toronto East,Kennedy Rd./Lawrence Ave. E.,A,8683,9,18.6,25,31,41,59,25.2,72,52,0,
2018,34021,Toronto North,"4905 Dufferin St., ECCC",A,8665,7,17,25,32,44,65,25.5,83,56,1,
2018,35125,Toronto West,125 Resources Rd.,A,8718,4,14,22,29,41,59,22.3,76,49,0,
2018,44008,Burlington,North Shore Blvd. E./Lakeshore Rd.,A,8706,10,20,27,34,44,62,27.6,83,62,2,
2018,44017,Oakville,"Eighth Line/Glenashton Dr., Halton Res.",A,8707,12,21,28,35,45,64,28.7,82,63,3,
2018,45027,Oshawa,"Brittania Ave. W., EP Taylor Stables",A,7733,8,18,25,33,42,60,25.8,76,48,0,
2018,46090,Brampton,109 McLaughlin Rd. S.,A,8739,10,21,29,36,46,64,28.6,83,62,4,
2018,46108,Mississauga,"3359 Mississauga Rd. N., U of T Campus",A,8712,7,19,26,34,43,61,26.1,79,60,0,
2018,47045,Barrie,83 Perry St.,A,8727,11,21,28,34,44,59,27.5,72,50,0,
2018,48006,Newmarket,Eagle St. W./McCaffrey Rd.,A,8703,13,23,30,36,46,65,29.8,91,64,5,
2018,49005,Parry Sound,7 Bay St.,A,8654,16,25,31,37,45,59,30.8,80,55,0,
2018,49010,Dorset,1026 Bellwood Acres Rd.,A,8683,11,22,29,35,43,57,28.2,77,55,0,
2018,51001,Ottawa Downtown,Rideau St./Wurtemburg St.,A,8729,11,20,27,33,41,54,26.4,72,52,0,
2018,51010,Petawawa,Petawawa Research Forest Facility,A,8728,11,21,28,34,42,53,27.3,66,51,0,
2018,52023,Kingston,23 Beechgrove Lane,A,8661,16,24,30,36,44,63,30.5,78,59,0,
2018,54012,Belleville,"2 Sidney St., Water Treatment Plant",A,8730,14,23,30,36,45,65,29.9,85,60,5,
2018,56051,Cornwall,Bedford St./3rd St. W.,A,8679,12,22,28,34,42,56,27.6,68,54,0,
2018,59006,Peterborough,10 Hospital Dr.,A,8676,14,23,30,36,45,62,29.7,86,62,3,
2018,63203,Thunder Bay,421 James St. S.,A,8656,8,18,25,31,39,49,24.3,63,46,0,
2018,71078,Sault Ste. Marie,Sault College,A,8731,15,23,30,35,44,59,29.7,69,56,0,
2018,75010,North Bay,"Chippewa St. W., Dept. National Defence",A,8592,10,20,27,33,39,52,26.0,63,54,0,
2018,77233,Sudbury,155 Elm St.,A,8647,12,21,28,33,40,56,27.1,70,51,0,
2017,12008,Windsor Downtown,467 University Ave. W.,A,8656,9,20,27,34,45,63,27.3,78,51,0,
2017,12016,Windsor West,College Ave./South St.,A,8708,9,19,27,34,45,63,27.0,82,52,1,
2017,13001,Chatham,435 Grand Ave. W.,A,8679,15,23,29,35,44,61,29.5,90,57,2,
2017,14111,Sarnia,700 Christina St. N.,A,8676,13,22,28,34,43,61,28.4,80,54,0,
2017,15020,Grand Bend,Point Blake Conservation Area,A,8679,17,25,31,36,44,62,31.0,82,59,4,
2017,15026,London,42 St. Julien St.,A,8686,9,22,29,35,44,62,28.1,78,58,0,
2017,16015,Port Stanley,"43665 Dexter Line, Elgin Water T. Plant",A,8685,18,27,33,38,48,66,33.0,90,63,3,
2017,18007,Tiverton,4th Concession/Bruce Rd. 23,A,8549,19,27,33,38,44,61,32.4,82,63,1,
2017,21005,Brantford,324 Grand River Ave.,A,8650,9,22,29,35,44,62,28.3,74,60,0,
2017,26060,Kitchener,West Ave./Homewood Ave.,A,8561,12,22,29,34,43,60,28.1,75,58,0,
2017,27067,St. Catharines,"Argyle Cres., Pump Stn.",A,8714,11,22,29,34,43,59,28.1,73,57,0,
2017,28028,Guelph,Exhibition St./Clark St. W.,A,8680,10,22,29,35,44,61,28.4,76,60,0,
2017,29000,Hamilton Downtown,Elgin St./Kelly St.,A,8712,8,19,26,32,41,59,25.6,73,59,0,
2017,29114,Hamilton Mountain,Vickers Rd./E. 18th St.,A,8690,14,23,29,35,44,60,29.1,81,57,1,
2017,29118,Hamilton West,Main St. W./Hwy 403,A,8679,5,18,26,32,41,60,25.0,74,61,0,
2017,31103,Toronto Downtown,Bay St./Wellesley St. W.,A,8694,10,19,26,31,40,57,25.6,85,58,2,
2017,33003,Toronto East,Kennedy Rd./Lawrence Ave. E.,A,8691,7,18,25,31,39,57,24.4,82,57,1,
2017,34021,Toronto North,4905 Dufferin St.,A,8717,6,17,24,30,40,59,24.0,82,59,1,
2017,35125,Toronto West,125 Resources Rd.,A,8675,4,14,22,29,39,57,22.1,82,59,2,
2017,44008,Burlington,North Shore Blvd. E./Lakeshore Rd.,A,8708,9,21,28,34,43,59,27.1,88,61,4,
2017,44017,Oakville,"Eighth Line/Glenashton Dr., Halton Res.",A,8666,12,21,28,33,42,59,27.4,84,60,1,
2017,45026,Oshawa,"2000 Simcoe St. N., Durham College",A,8664,11,22,28,34,42,63,27.9,86,60,3,
2017,46090,Brampton,109 McLaughlin Rd. S.,A,8733,9,21,28,34,42,60,27.2,75,60,0,
2017,46108,Mississauga,"3359 Mississauga Rd. N., U of T Campus",A,8700,6,19,27,33,42,59,26.2,78,62,0,
2017,47045,Barrie,83 Perry St.,A,8640,9,20,27,33,40,54,25.9,75,53,0,
2017,48006,Newmarket,Eagle St. W./McCaffrey Rd.,A,8691,12,22,28,34,42,58,27.9,85,58,2,
2017,49005,Parry Sound,7 Bay St.,A,8688,15,25,30,35,42,56,29.7,74,63,0,
2017,49010,Dorset,1026 Bellwood Acres Rd.,A,8619,8,21,28,34,42,54,26.9,69,52,0,
2017,51001,Ottawa Downtown,Rideau St./Wurtemburg St.,A,8683,12,20,26,31,39,53,25.5,71,57,0,
2017,51002,Ottawa Central,960 Carling Ave.,A,8695,11,21,27,32,40,54,26.2,76,57,0,
2017,51010,Petawawa,Petawawa Research Forest Facility,A,8738,10,20,27,32,40,51,25.8,65,57,0,
2017,52023,Kingston,23 Beechgrove Lane,A,8650,16,25,30,36,44,60,30.4,94,62,3,
2017,54012,Belleville,"2 Sidney St., Water Treatment Plant",A,8701,14,24,30,36,45,62,30.2,86,63,4,
2017,56051,Cornwall,Bedford St./3rd St. W.,A,8666,12,22,28,33,41,56,27.2,72,63,0,
2017,59006,Peterborough,10 Hospital Dr.,A,8685,14,23,29,35,43,59,28.9,80,60,0,
2017,63203,Thunder Bay,421 James St. S.,A,8635,6,18,25,30,37,45,23.4,51,44,0,
2017,71078,Sault Ste. Marie,Sault College,A,8705,15,23,29,33,40,50,28.1,70,46,0,
2017,75010,North Bay,"Chippewa St. W., Dept. National Defence",A,8749,10,21,27,32,40,52,26.4,69,56,0,
2017,77233,Sudbury,155 Elm St.,A,8683,12,21,26,32,39,49,25.9,69,50,0,
2016,12008,Windsor Downtown,467 University Ave. W.,A,8749,9,20,27,34,47,68,27.7,95,55,7,
2016,12016,Windsor West,College Ave./South St.,A,8745,9,20,27,34,47,68,27.7,95,54,15,
2016,13001,Chatham,435 Grand Ave. W.,A,8607,15,23,29,35,45,63,29.6,84,55,2,
2016,14111,Sarnia,700 Christina St. N.,A,6395,14,22,28,35,45,66,28.8,83,53,4,
2016,15020,Grand Bend,Point Blake Conservation Area,A,8731,17,25,30,36,44,65,30.7,91,61,16,
2016,15026,London,42 St. Julien St.,A,8676,8,22,29,35,46,63,28.2,82,57,2,
2016,16015,Port Stanley,"43665 Dexter Line, Elgin Water T. Plt",A,8672,18,27,32,38,48,68,32.9,84,68,7,
2016,18007,Tiverton,4th Concession/Bruce Rd. 23,A,8593,21,27,33,38,45,64,33.1,85,66,1,
2016,21005,Brantford,324 Grand River Ave.,A,8712,10,23,30,36,47,67,29.5,84,63,8,
2016,26060,Kitchener,West Ave./Homewood Ave.,A,8539,12,23,29,35,45,63,28.8,81,57,2,
2016,27067,St. Catharines,"Argyle Cres., Pump Stn.",A,8639,13,24,30,36,46,64,29.8,80,66,0,
2016,28028,Guelph,Exhibition St./Clark St. W.,A,8670,12,22,29,35,45,64,28.7,82,54,1,
2016,29000,Hamilton Downtown,Elgin St./Kelly St.,A,8699,10,20,27,32,43,64,26.7,78,62,0,
2016,29114,Hamilton Mountain,Vickers Rd./E. 18th St.,A,8706,14,23,29,35,45,65,29.5,76,58,0,
2016,29118,Hamilton West,Main St. W./Hwy 403,A,8750,4,18,25,31,40,60,24.4,78,55,0,
2016,31103,Toronto Downtown,Bay St./Wellesley St. W.,A,8706,11,19,25,31,40,61,25.6,81,49,1,
2016,33003,Toronto East,Kennedy Rd./Lawrence Ave. E.,A,8661,8,19,25,31,42,65,25.5,99,50,4,
2016,34020,Toronto North,Hendon Ave./Yonge St.,A,8663,9,19,26,32,42,64,25.9,85,55,3,
2016,35125,Toronto West,125 Resources Rd.,A,8697,4,14,21,28,40,61,22.1,79,50,0,
2016,44008,Burlington,North Shore Blvd. E./Lakeshore Rd.,A,8692,10,21,28,34,44,64,27.6,80,56,0,
2016,44017,Oakville,"Eighth Line/Glenashton Dr., Halton Res.",A,8709,11,21,27,33,41,62,27.1,74,55,0,
2016,45026,Oshawa,"2000 Simcoe St. N., Durham College",A,8698,12,21,27,33,41,62,27.2,81,54,2,
2016,46089,Brampton,"525 Main St.  N., Peel Manor",A,8696,9,20,27,34,43,64,27.1,79,55,0,
2016,46108,Mississauga,"3359 Mississauga Rd. N., U Of T Campus",A,8679,6,19,27,33,42,63,26,79,56,0,
2016,47045,Barrie,83 Perry St.,A,8747,9,20,26,32,40,58,25.9,79,51,0,
2016,48006,Newmarket,Eagle St. W./McCaffrey Rd.,A,8719,13,23,28,34,44,64,28.6,94,57,7,
2016,49005,Parry Sound,7 Bay St.,A,8664,15,25,30,35,42,58,29.6,74,57,0,
2016,49010,Dorset,1026 Bellwood Acres Rd.,A,8737,10,21,28,34,41,58,27.4,74,51,0,
2016,51001,Ottawa Downtown,Rideau St./Wurtemburg St.,A,8707,10,19,26,32,40,55,25.6,73,58,0,
2016,51002,Ottawa Central,960 Carling Ave.,A,8593,10,19,26,32,40,54,25.5,71,58,0,
2016,51010,Petawawa,Petawawa Research Forest Facility,A,8772,11,20,27,33,40,54,26.4,68,51,0,
2016,52023,Kingston,23 Beechgrove Lane,A,8639,15,25,30,36,45,63,30.5,82,62,2,
2016,54012,Belleville,"2 Sidney St., Water Treatment Plant",A,8718,14,25,30,36,46,66,30.5,96,64,14,
2016,56051,Cornwall,Bedford St./3rd St. W.,A,8714,10,21,28,34,41,56,27.1,74,58,0,
2016,59006,Peterborough,10 Hospital Dr.,A,8597,14,24,29,35,44,67,29.7,85,61,3,
2016,63203,Thunder Bay,421 James St. S.,A,8506,7,17,24,30,36,48,23.2,62,45,0,
2016,71078,Sault Ste. Marie,Sault College,A,8676,14,22,28,32,39,52,27.3,80,51,0,
2016,75010,North Bay,"Chippewa St. W., Dept. National Defence",A,8772,11,20,27,33,40,57,26.4,78,56,0,
2016,77233,Sudbury,155 Elm Street,A,8692,11,20,26,31,38,53,25.1,80,51,0,
2015,12008,Windsor Downtown,467 University Ave. W.,A,8728,9,19,26,33,46,64,27.0,89,51,3,
2015,12016,Windsor West,College Ave./South St.,A,8680,8,19,26,33,45,63,26.5,87,50,2,
2015,13001,Chatham,435 Grand Ave. W.,A,8667,15,23,29,35,46,63,29.6,79,54,0,
2015,14064,Sarnia,"Front St. N./CN Tracks, Centennial Park",A,8635,12,21,28,34,43,59,27.8,83,48,4,
2015,15020,Grand Bend,Point Blake Conservation Area,A,8705,16,24,30,36,45,66,30.4,87,53,8,
2015,15026,London,42 St. Julien St.,A,8658,8,21,28,35,46,62,27.9,77,58,0,
2015,16015,Port Stanley,"43665 Dexter Line, Elgin Water T. Plt",A,8215,17,26,32,38,50,67,32.8,86,61,6,
2015,18007,Tiverton,4th Concession/Bruce Rd. 23,A,8699,19,27,32,37,45,63,32.5,83,62,1,
2015,21005,Brantford,324 Grand River Ave.,A,8665,9,22,29,36,47,63,28.9,79,55,0,
2015,26060,Kitchener,West Ave./Homewood Ave.,A,8582,11,22,28,34,44,60,27.9,76,58,0,
2015,27067,St. Catharines,"Argyle Cres., Pump Stn.",A,8592,11,22,29,34,45,62,28.6,73,60,0,
2015,28028,Guelph,Exhibition St./Clark St. W.,A,8662,10,21,28,34,44,61,27.7,79,54,0,
2015,29000,Hamilton Downtown,Elgin St./Kelly St.,A,8681,9,19,25,32,43,60,25.9,74,59,0,
2015,29114,Hamilton Mountain,Vickers Rd./E. 18th St.,A,8573,13,23,29,35,47,63,29.4,79,63,0,
2015,29118,Hamilton West,Main St. W./Hwy 403,A,8712,5,17,24,31,41,56,23.9,71,53,0,
2015,31103,Toronto Downtown,Bay St./Wellesley St. W.,A,8706,9,18,25,31,43,63,25.7,80,55,0,
2015,33003,Toronto East,Kennedy Rd./Lawrence Ave. E.,A,8689,6,17,23,29,40,61,23.5,91,52,3,
2015,34020,Toronto North,Hendon Ave./Yonge St.,A,8675,8,18,25,32,42,64,25.7,90,59,6,
2015,35125,Toronto West,125 Resources Rd.,A,8602,3,13,20,27,39,61,21.3,82,51,1,
2015,44008,Burlington,North Shore Blvd. E./Lakeshore Rd.,A,8677,9,19,26,33,43,60,26.5,84,53,1,
2015,44017,Oakville,"Eighth Line/Glenashton Dr., Halton Res.",A,8678,11,21,27,33,43,62,27.4,80,58,0,
2015,45026,Oshawa,"2000 Simcoe St. N., Durham College",A,8706,10,20,26,32,41,61,26.2,73,45,0,
2015,46089,Brampton,"525 Main St.  N., Peel Manor",A,8657,8,19,27,33,44,62,26.5,84,58,2,
2015,46108,Mississauga,"3359 Mississauga Rd. N., U of T Campus",A,8646,6,18,26,32,43,61,25.4,79,60,0,
2015,47045,Barrie,83 Perry St.,A,8731,9,19,26,31,40,56,25.4,80,52,0,
2015,48006,Newmarket,Eagle St. W./McCaffrey Rd.,A,8693,12,22,29,35,44,63,28.5,92,61,6,
2015,49005,Parry Sound,7 Bay St.,A,8629,15,25,31,36,44,60,30.4,86,59,1,
2015,49010,Dorset,1026 Bellwood Acres Rd.,A,8690,9,21,28,34,42,56,27.0,78,49,0,
2015,51001,Ottawa Downtown,Rideau St./Wurtemburg St.,A,8681,10,19,25,31,40,56,25.6,69,53,0,
2015,51002,Ottawa Central,960 Carling Ave.,A,8678,10,21,27,33,42,57,27.0,71,53,0,
2015,51010,Petawawa,Petawawa Research Forest Facility,A,8723,11,20,27,33,42,55,26.7,70,55,0,
2015,52023,Kingston,23 Beechgrove Lane,A,8664,15,25,30,36,45,59,30.3,74,59,0,
2015,54012,Belleville,"2 Sidney St., Water Treatment Plant",A,8631,14,23,29,35,46,64,29.6,77,61,0,
2015,56051,Cornwall,Bedford St./3rd St. W.,A,8668,12,22,28,34,43,57,27.9,69,58,0,
2015,59006,Peterborough,10 Hospital Dr.,A,8658,14,23,29,35,44,62,29.3,78,59,0,
2015,63203,Thunder Bay,421 James St. S.,A,8653,8,18,24,30,39,49,24.0,62,48,0,
2015,71078,Sault Ste. Marie,Sault College,A,8664,14,22,28,33,41,54,27.8,75,53,0,
2015,75010,North Bay,"Chippewa St. W., Dept. National Defence",A,8645,10,21,28,33,43,58,27.0,70,52,0,
2015,77233,Sudbury,155 Elm St.,A,8677,11,20,26,31,40,57,25.7,67,58,0,
2014,12008,Windsor Downtown,467 University Ave. W.,A,8568,8,18,25,33,44,65,26.0,78,53,0,
2014,12016,Windsor West,College Ave./South St.,A,8490,8,19,26,34,46,66,27.2,86,52,3,
2014,13001,Chatham,435 Grand Ave. W.,A,8745,14,22,28,35,46,62,29.3,78,53,0,
2014,14064,Sarnia,"Front St. N./CN Tracks, Centennial Park",A,8649,11,20,27,33,43,61,27.1,79,49,0,
2014,15020,Grand Bend,Point Blake Conservation Area,A,8664,16,25,31,37,45,64,31.0,90,57,4,
2014,15026,London,42 St. Julien St.,A,8663,9,21,28,35,45,62,28.1,82,61,1,
2014,16015,Port Stanley,"43665 Dexter Line, Elgin Water T. Plt",A,8696,17,26,32,38,48,64,32.3,87,60,3,
2014,18007,Tiverton,4th Concession/Bruce Rd. 23,A,8599,18,26,32,37,44,61,31.8,86,60,1,
2014,21005,Brantford,324 Grand River Ave.,A,8499,10,22,30,36,47,62,29.4,80,59,0,
2014,26060,Kitchener,West Ave./Homewood Ave.,A,8728,11,21,28,34,43,59,27.3,76,57,0,
2014,27067,St. Catharines,"Argyle Cres., Pump Stn.",A,8674,11,23,29,35,43,58,28.5,70,55,0,
2014,28028,Guelph,Exhibition St./Clark St. W.,A,8626,11,21,28,34,44,60,27.8,79,57,0,
2014,29000,Hamilton Downtown,Elgin St./Kelly St.,A,8671,9,19,25,31,41,59,25.3,74,56,0,
2014,29114,Hamilton Mountain,Vickers Rd./E. 18th St.,A,8656,13,23,29,35,45,61,29.1,79,61,0,
2014,29118,Hamilton West,Main St. W./Hwy 403,A,8739,4,16,24,30,38,52,22.7,70,52,0,
2014,31103,Toronto Downtown,Bay St./Wellesley St. W.,A,8710,10,19,25,32,42,57,25.7,80,55,0,
2014,33003,Toronto East,Kennedy Rd./Lawrence Ave. E.,A,8660,6,17,23,30,40,55,23.4,73,52,0,
2014,34020,Toronto North,Hendon Ave./Yonge St.,A,8696,9,18,25,31,41,58,25.3,82,57,1,
2014,35125,Toronto West,125 Resources Rd.,A,8673,3,13,20,27,39,56,21.1,72,48,0,
2014,44008,Burlington,North Shore Blvd. E./Lakeshore Rd.,A,8679,9,19,26,32,41,57,25.5,73,50,0,
2014,44017,Oakville,"Eighth Line/Glenashton Dr., Halton Res.",A,8736,11,21,27,34,43,57,27.2,72,56,0,
2014,45026,Oshawa,"2000 Simcoe St. N., Durham College",A,8664,11,20,27,34,42,57,27.2,73,46,0,
2014,46089,Brampton,"525 Main St. N., Peel Manor",A,8657,8,19,27,34,43,58,26.5,80,60,0,
2014,46108,Mississauga,"3359 Mississauga Rd. N., U Of T Campus",A,8653,7,18,26,32,42,57,25.4,76,58,0,
2014,47045,Barrie,83 Perry St.,A,8733,9,19,25,32,41,53,25.6,68,49,0,
2014,48006,Newmarket,Eagle St. W./McCaffrey Rd.,A,8690,13,22,29,35,44,58,28.6,87,59,3,
2014,49005,Parry Sound,7 Bay St.,A,8740,15,24,30,35,43,56,29.6,74,60,0,
2014,49010,Dorset,1026 Bellwood Acres Rd.,A,8728,11,22,28,34,43,54,27.7,79,56,0,
2014,51001,Ottawa Downtown,Rideau St./Wurtemburg St.,A,8541,10,18,25,31,40,50,24.8,64,50,0,
2014,51002,Ottawa Central,960 Carling Ave.,A,8683,11,20,27,33,41,53,26.6,63,48,0,
2014,51010,Petawawa,Petawawa Research Forest Facility,A,8733,11,21,28,33,41,52,26.8,68,50,0,
2014,52023,Kingston,23 Beechgrove Lane,A,8686,16,26,31,37,46,61,31.4,81,57,1,
2014,54012,Belleville,"2 Sidney St., Water Treatment Plant",A,8746,14,24,29,36,45,60,29.6,80,57,0,
2014,56010,Morrisburg,"County Rd. 2, Morrisburg Water Tower",A,8750,12,22,29,34,42,53,27.9,74,48,0,
2014,56051,Cornwall,Bedford St./3rd St. W.,A,8646,12,21,28,33,42,52,27.3,70,49,0,
2014,59006,Peterborough,10 Hospital Dr.,A,8708,14,23,29,35,44,59,29.2,74,60,0,
2014,63203,Thunder Bay,421 James St. S.,A,8442,7,18,25,30,36,46,23.4,70,47,0,
2014,71078,Sault Ste. Marie,Sault College,A,8676,14,22,28,34,43,55,28.4,73,54,0,
2014,75010,North Bay,"Chippewa St. W., Dept. National Defence",A,8575,10,20,28,33,41,54,26.7,71,53,0,
2014,77233,Sudbury,155 Elm Street,A,8671,11,20,27,32,41,55,26.3,73,56,0,
2013,12008,Windsor Downtown,467 University Ave. W.,A,8722,9,19,26,33,45,63,26.9,89,58,4,
2013,12016,Windsor West,College Ave./South St.,A,8539,8,19,26,34,45,61,26.7,87,57,3,
2013,13001,Chatham,435 Grand Ave. W.,A,8723,14,23,29,35,45,65,29.6,85,61,4,
2013,14064,Sarnia,"Front St. N./CN Tracks, Centennial Park",A,8675,12,22,29,35,44,62,28.6,83,54,4,
2013,15020,Grand Bend,Point Blake Conservation Area,A,8717,17,26,32,38,46,66,32.3,86,60,7,
2013,15026,London,42 St. Julien St.,A,8639,10,22,29,35,45,63,28.7,82,55,2,
2013,16015,Port Stanley,"43665 Dexter Line, Elgin Water T. Plt",A,8741,19,27,33,39,49,70,33.9,85,68,13,
2013,18007,Tiverton,4th Concession/Bruce Rd. 23,A,8666,19,27,32,37,45,63,32.4,92,61,4,
2013,21005,Brantford,324 Grand River Ave.,A,8727,10,22,29,36,46,63,29.0,74,57,0,
2013,26060,Kitchener,West Ave./Homewood Ave.,A,8723,11,22,28,35,44,59,28.0,72,54,0,
2013,27067,St. Catharines,"Argyle Cres., Pump Stn.",A,8731,11,23,29,35,45,61,28.6,96,57,2,
2013,28028,Guelph,Exhibition St./Clark St. W.,A,8730,12,23,29,36,45,61,29.0,73,57,0,
2013,29000,Hamilton Downtown,Elgin St./Kelly St.,A,8720,9,19,24,30,41,59,25.0,86,58,3,
2013,29114,Hamilton Mountain,Vickers Rd./E. 18th St.,A,8608,13,23,29,36,45,62,29.5,86,58,4,
2013,29118,Hamilton West,Main St. W./Hwy 403,A,8679,5,18,25,32,40,57,24.4,78,54,0,
2013,31103,Toronto Downtown,Bay St./Wellesley St. W.,A,8743,10,19,25,32,43,60,26.2,90,54,3,
2013,33003,Toronto East,Kennedy Rd./Lawrence Ave. E.,A,8695,7,17,24,30,40,60,24.1,87,58,3,
2013,34020,Toronto North,Hendon Ave./Yonge St.,A,8723,9,19,25,31,40,60,25.3,87,56,6,
2013,35125,Toronto West,125 Resources Rd.,A,8670,3,13,20,28,39,60,21.5,83,53,3,
2013,44008,Burlington,North Shore Blvd. E./Lakeshore Rd.,A,8623,8,19,26,33,43,60,26.4,92,58,3,
2013,44017,Oakville,"Eighth Line/Glenashton Dr., Halton Res.",A,8742,11,21,28,35,44,63,28.3,101,59,9,
2013,45026,Oshawa,"2000 Simcoe St. N., Durham College",A,8737,12,21,28,33,41,59,27.2,96,53,5,
2013,46089,Brampton,"525 Main St. N., Peel Manor",A,8734,8,20,27,34,43,60,26.7,84,57,1,
2013,46108,Mississauga,"3359 Mississauga Rd. N., U Of T Campus",A,8733,6,19,26,32,41,59,25.2,83,57,2,
2013,47045,Barrie,83 Perry St.,A,8722,9,20,26,32,39,53,25.5,73,50,0,
2013,48006,Newmarket,Eagle St. W./McCaffrey Rd.,A,8671,13,23,29,35,43,59,28.7,72,56,0,
2013,49005,Parry Sound,7 Bay St.,A,8746,16,25,31,36,44,61,30.4,77,57,0,
2013,49010,Dorset,1026 Bellwood Acres Rd.,A,8721,11,22,29,35,43,57,28.1,69,50,0,
2013,51001,Ottawa Downtown,Rideau St./Wurtemburg St.,A,8560,10,19,26,32,40,54,25.6,67,49,0,
2013,51002,Ottawa Central,960 Carling Ave.,A,8647,10,21,27,33,42,55,26.6,70,50,0,
2013,51010,Petawawa,Petawawa Research Forest Facility,A,8722,12,21,28,34,43,56,27.6,69,55,0,
2013,52022,Kingston,752 King St. W.,A,8635,18,25,30,35,43,59,30.3,79,59,0,
2013,54012,Belleville,"2 Sidney St., Water Treatment Plant",A,8633,13,23,29,34,44,63,29.2,92,58,2,
2013,56010,Morrisburg,"County Rd. 2, Morrisburg Water Tower",A,8731,13,23,29,34,43,57,28.7,70,52,0,
2013,56051,Cornwall,Bedford St./3rd St. W.,A,8400,11,21,27,33,41,58,26.9,73,54,0,
2013,59006,Peterborough,10 Hospital Dr.,A,8725,14,23,29,34,43,60,28.6,74,53,0,
2013,63203,Thunder Bay,421 James St. S.,A,8690,10,20,26,34,42,51,26.3,63,47,0,
2013,71078,Sault Ste. Marie,Sault College,A,8730,15,24,29,34,42,57,28.9,66,56,0,
2013,75010,North Bay,"Chippewa St. W., Dept. National Defence",A,8746,10,22,28,34,42,56,27.4,72,52,0,
2013,77233,Sudbury,155 Elm Street,A,8713,12,22,27,33,42,57,27.2,76,53,0,
2012,12008,Windsor Downtown,467 University Ave. W.,A,8741,7,18,26,35,51,76,28.0,128,69,45,
2012,12016,Windsor West,College Ave./South St.,A,8666,6,18,26,35,51,75,28.0,128,70,41,
2012,13001,Chatham,435 Grand Ave. W.,A,8710,13,21,28,35,49,74,29.5,104,65,19,
2012,14064,Sarnia,"Front St. N./CN Tracks, Centennial Park",A,8682,12,22,29,35,49,74,29.7,101,60,41,
2012,15020,Grand Bend,Point Blake Conservation Area,A,8761,16,26,32,38,51,82,33.2,124,74,109,
2012,15025,London,900 Highbury Ave. N.,A,8771,10,19,26,33,47,72,27.7,88,62,26,
2012,16015,Port Stanley,"43665 Dexter Line, Elgin Water T. Plt",A,8767,17,25,31,38,52,75,33.1,104,68,30,
2012,18007,Tiverton,4th Concession/Bruce Rd. 23,A,8717,18,25,30,36,48,72,32.0,93,66,24,
2012,21005,Brantford,324 Grand River Ave.,A,8773,8,20,28,35,50,72,28.8,88,57,19,
2012,26060,Kitchener,West Ave./Homewood Ave.,A,8759,10,20,27,34,47,68,28.0,89,58,9,
2012,27067,St. Catharines,"Argyle Cres., Pump Stn.",A,8685,9,21,28,35,49,69,28.7,98,63,10,
2012,28028,Guelph,Exhibition St./Clark St. W.,A,8685,10,21,28,35,49,71,28.8,94,57,27,
2012,29000,Hamilton Downtown,Elgin St./Kelly St.,A,8724,7,18,25,32,45,65,25.7,88,55,7,
2012,29114,Hamilton Mountain,Vickers Rd./E. 18th St.,A,8734,12,22,29,36,51,72,30.2,91,70,21,
2012,29118,Hamilton West,Main St. W./Hwy 403,A,8771,4,16,24,30,43,64,24.2,85,53,4,
2012,31103,Toronto Downtown,Bay St./Wellesley St. W.,A,8763,8,19,25,32,46,69,26.6,90,62,11,
2012,33003,Toronto East,Kennedy Rd./Lawrence Ave. E.,A,8680,5,17,23,30,44,69,24.6,89,65,12,
2012,34020,Toronto North,Hendon Ave./Yonge St.,A,8769,7,18,25,32,44,70,25.7,92,61,15,
2012,35125,Toronto West,125 Resources Rd.,A,8708,2,12,20,27,42,69,21.5,94,58,23,
2012,44008,Burlington,North Shore Blvd. E./Lakeshore Rd.,A,8707,8,18,26,33,46,67,26.7,91,56,5,
2012,44017,Oakville,"Eighth Line/Glenashton Dr., Halton Res.",A,8735,9,20,27,34,47,70,27.7,96,59,11,
2012,45026,Oshawa,"2000 Simcoe St. N., Durham College",A,8731,10,20,26,32,43,69,27.0,92,58,9,
2012,46089,Brampton,"525 Main St. N., Peel Manor",A,8701,6,18,26,33,46,70,26.6,92,56,15,
2012,46108,Mississauga,"3359 Mississauga Rd. N., U Of T Campus",A,8747,5,18,25,32,45,67,25.6,81,57,1,
2012,47045,Barrie,83 Perry St.,A,8728,8,19,26,33,43,66,26.3,91,57,16,
2012,48006,Newmarket,Eagle St. W./McCaffrey Rd.,A,8720,12,22,29,35,48,71,29.4,105,64,35,
2012,49005,Parry Sound,7 Bay St.,A,8777,14,24,30,35,46,70,30.1,94,66,16,
2012,49010,Dorset,1026 Bellwood Acres Rd.,A,8776,10,21,28,34,44,65,28.0,82,52,2,
2012,51001,Ottawa Downtown,Rideau St./Wurtemburg St.,A,8622,9,19,26,32,42,59,26.0,76,64,0,
2012,51002,Ottawa Central,960 Carling Ave.,A,8664,8,19,26,32,42,58,25.6,76,62,0,
2012,51010,Petawawa,Petawawa Research Forest Facility,A,8758,12,22,28,33,43,60,27.7,77,55,0,
2012,52022,Kingston,752 King St. W.,A,8726,17,26,31,37,49,73,32.7,92,67,29,
2012,54012,Belleville,"2 Sidney St., Water Treatment Plant",A,8742,12,21,27,33,45,67,28.0,87,59,3,
2012,56010,Morrisburg,"County Rd. 2, Morrisburg Water Tower",A,8767,11,22,28,34,44,61,28.2,78,62,0,
2012,56051,Cornwall,Bedford St./3rd St. W.,A,8592,10,20,27,33,44,59,27.1,76,61,0,
2012,59006,Peterborough,10 Hospital Dr.,A,8707,13,22,28,34,46,70,29.1,90,64,15,
2012,63203,Thunder Bay,421 James St. S.,A,8764,8,19,26,31,39,53,25.0,74,56,0,
2012,71078,Sault Ste. Marie,Sault College,A,8765,15,23,28,33,43,66,28.8,82,69,6,
2012,75010,North Bay,"Chippewa St. W., Dept. National Defence",A,8769,10,20,26,32,42,63,26.1,82,56,1,
2012,77219,Sudbury,1222 Ramsey Lake Rd.,A,8663,15,23,28,33,43,63,28.5,84,63,7,
2011,12008,Windsor Downtown,467 University Ave. W.,A,8734,7,18,26,34,48,74,27.2,100,65,42,
2011,12016,Windsor West,College Ave./South St.,A,8704,7,18,25,33,47,72,26.4,101,59,31,
2011,13001,Chatham,435 Grand Ave. W.,A,8561,14,22,29,36,46,67,29.7,92,59,16,
2011,14064,Sarnia,"Front St. N./CN Tracks, Centennial Park",A,8700,13,22,29,36,46,68,29.7,94,57,12,
2011,15020,Grand Bend,Point Blake Conservation Area,A,8743,17,26,33,39,47,69,32.8,115,60,20,
2011,15025,London,900 Highbury Ave. N.,A,8689,11,20,26,33,43,62,26.8,83,57,2,
2011,16015,Port Stanley,"43665 Dexter Line, Elgin Water T. Plt",A,8750,17,26,32,38,48,71,32.8,94,67,30,
2011,18007,Tiverton,4th Concession/Bruce Rd. 23,A,8523,18,26,32,38,45,65,32.1,89,63,6,
2011,21005,Brantford,324 Grand River Ave.,A,8679,10,21,29,36,46,65,28.7,94,68,10,
2011,26060,Kitchener,West Ave./Homewood Ave.,A,8727,11,20,27,34,44,61,27.6,87,59,3,
2011,27067,St. Catharines,"Argyle Cres., Pump Stn.",A,8734,10,21,28,35,45,63,28.0,83,59,1,
2011,28028,Guelph,Exhibition St./Clark St. W.,A,8667,11,22,29,36,45,64,28.9,94,61,4,
2011,29000,Hamilton Downtown,Elgin St./Kelly St.,A,8745,8,18,25,32,42,62,25.4,92,60,5,
2011,29114,Hamilton Mountain,Vickers Rd./E. 18th St.,A,8752,11,21,28,35,46,65,28.8,95,65,6,
2011,29118,Hamilton West,Main St. W./Hwy 403,A,8743,5,17,24,31,40,60,24.2,88,56,3,
2011,31103,Toronto Downtown,Bay St./Wellesley St. W.,A,8724,8,18,25,32,42,61,25.4,88,58,1,
2011,33003,Toronto East,Kennedy Rd./Lawrence Ave. E.,A,8703,5,16,23,30,40,61,23.3,82,57,1,
2011,34020,Toronto North,Hendon Ave./Yonge St.,A,8744,6,16,23,30,40,61,23.6,85,57,1,
2011,35125,Toronto West,125 Resources Rd.,A,8659,2,11,19,27,38,61,20.1,87,53,1,
2011,44008,Burlington,North Shore Blvd. E./Lakeshore Rd.,A,8682,7,18,26,33,43,60,25.9,85,57,2,
2011,44017,Oakville,"Eighth Line/Glenashton Dr., Halton Res.",A,8616,9,20,27,33,43,63,26.8,95,60,4,
2011,45026,Oshawa,"2000 Simcoe St. N., Durham College",A,8742,11,20,26,33,41,61,26.6,85,50,2,
2011,46089,Brampton,"525 Main St. N., Peel Manor",A,8731,7,19,26,33,44,64,26.1,88,62,4,
2011,46108,Mississauga,"3359 Mississauga Rd. N., U Of T Campus",A,8596,4,17,24,31,41,59,24.1,87,57,3,
2011,47045,Barrie,83 Perry St.,A,8659,7,18,25,33,42,57,25.3,67,52,0,
2011,48006,Newmarket,Eagle St. W./McCaffrey Rd.,A,8675,11,21,28,34,44,63,27.8,84,64,6,
2011,49005,Parry Sound,7 Bay St.,A,8737,14,24,30,36,44,61,29.7,81,59,1,
2011,49010,Dorset,1026 Bellwood Acres Rd.,A,8729,9,21,28,34,43,55,27.0,72,47,0,
2011,51001,Ottawa Downtown,Rideau St./Wurtemburg St.,A,8609,9,17,24,30,39,52,24.2,66,46,0,
2011,51002,Ottawa Central,960 Carling Ave.,A,8689,9,19,25,32,40,52,24.8,64,48,0,
2011,51010,Petawawa,Petawawa Research Forest Facility,A,8625,10,20,27,33,42,53,26.7,67,50,0,
2011,52022,Kingston,752 King St. W.,A,8605,15,24,30,36,44,62,30.3,80,64,0,
2011,54012,Belleville,"2 Sidney St., Water Treatment Plant",A,8740,11,21,28,34,43,61,27.9,86,62,6,
2011,56010,Morrisburg,"County Rd. 2, Morrisburg Water Tower",A,8741,11,21,28,34,42,55,27.2,76,55,0,
2011,56051,Cornwall,Bedford St./3rd St. W.,A,8741,9,20,26,33,41,54,26.1,72,55,0,
2011,59006,Peterborough,10 Hospital Dr.,A,8703,12,21,28,34,43,62,27.9,86,60,2,
2011,63203,Thunder Bay,421 James St. S.,A,8584,7,19,26,32,41,50,25.2,60,46,0,
2011,71078,Sault Ste. Marie,Sault College,A,8722,13,22,28,34,43,54,27.8,80,50,0,
2011,75010,North Bay,"Chippewa St. W., Dept. National Defence",A,8753,10,20,27,33,42,56,26.7,74,52,0,
2011,77219,Sudbury,1222 Ramsey Lake Rd.,A,8700,14,23,29,34,43,55,28.7,67,51,0,
2010,12008,Windsor Downtown,467 University Ave. W.,A,8733,8,19,27,35,49,70,28.0,94,54,9,
2010,12016,Windsor West,College Ave./South St.,A,8649,6,18,26,33,46,67,26.7,96,52,6,
2010,13001,Chatham,435 Grand Ave. W.,A,8750,16,25,31,38,49,68,31.9,83,61,5,
2010,14064,Sarnia,"Front St. N./CN Tracks, Centennial Park",A,8735,14,23,30,37,47,70,30.7,90,56,14,
2010,15020,Grand Bend,Point Blake Conservation Area,A,8747,19,28,35,40,51,77,35.0,113,72,62,
2010,15025,London,900 Highbury Ave. N.,A,8722,11,21,28,34,46,62,28.2,77,63,0,
2010,16015,Port Stanley,"43665 Dexter Line, Elgin Water T. Plt",A,8743,18,27,33,40,53,75,34.6,104,69,35,
2010,18007,Tiverton,4th Concession/Bruce Rd. 23,A,8698,20,28,34,39,47,67,33.8,98,65,19,
2010,21005,Brantford,324 Grand River Ave.,A,8747,10,22,30,36,48,68,29.4,82,57,2,
2010,26060,Kitchener,West Ave./Homewood Ave.,A,8745,12,23,30,36,46,64,29.4,76,61,0,
2010,27067,St. Catharines,"Argyle Cres., Pump Stn.",A,8729,9,21,28,35,46,65,28.3,80,62,0,
2010,28028,Guelph,Exhibition St./Clark St. W.,A,8676,12,23,31,37,48,67,30.7,80,58,0,
2010,29000,Hamilton Downtown,Elgin St./Kelly St.,A,8729,9,20,26,33,45,64,26.9,81,64,1,
2010,29114,Hamilton Mountain,Vickers Rd./E. 18th St.,A,8720,12,22,29,36,48,67,29.7,85,65,6,
2010,29118,Hamilton West,Main St. W./Hwy 403,A,8752,4,17,24,32,42,61,24.5,78,60,0,
2010,31103,Toronto Downtown,Bay St./Wellesley St. W.,A,8722,9,18,25,32,44,66,26.1,102,61,20,
2010,33003,Toronto East,Kennedy Rd./Lawrence Ave. E.,A,8706,6,16,22,29,41,61,23.0,104,58,7,
2010,34020,Toronto North,Hendon Ave./Yonge St.,A,8728,8,18,25,31,41,60,24.8,98,57,4,
2010,35125,Toronto West,125 Resources Rd.,A,8713,3,12,19,27,40,63,20.6,95,56,12,
2010,44008,Burlington,North Shore Blvd. E./Lakeshore Rd.,A,8751,8,19,26,33,45,61,26.6,87,61,9,
2010,44017,Oakville,"Eighth Line/Glenashton Dr., Halton Res.",A,8746,11,21,28,34,45,64,28.0,95,62,12,
2010,45026,Oshawa,"2000 Simcoe St. N., Durham College",A,8721,11,22,28,34,42,64,28.0,96,55,14,
2010,46089,Brampton,"525 Main St. N., Peel Manor",A,8718,9,20,28,34,45,63,27.5,77,60,0,
2010,46108,Mississauga,"3359 Mississauga Rd. N., U Of T Campus",A,8656,6,18,26,33,44,62,25.9,83,64,3,
2010,47045,Barrie,83 Perry St.,A,8751,8,21,28,33,43,59,26.8,77,54,0,
2010,48006,Newmarket,Eagle St. W./McCaffrey Rd.,A,8719,14,25,32,38,49,66,31.5,87,60,3,
2010,49005,Parry Sound,7 Bay St.,A,8745,14,25,32,37,47,64,31.3,85,63,5,
2010,49010,Dorset,1026 Bellwood Acres Rd.,A,8654,10,22,29,35,45,60,28.6,80,57,0,
2010,51001,Ottawa Downtown,Rideau St./Wurtemburg St.,A,8750,10,19,26,32,41,56,25.7,75,57,0,
2010,51002,Ottawa Central,960 Carling Ave.,A,8740,10,20,27,33,42,57,26.6,72,55,0,
2010,51010,Petawawa,Petawawa Research Forest Facility,A,8751,11,21,28,35,43,56,27.9,75,62,0,
2010,52022,Kingston,752 King St. W.,A,8595,17,26,32,37,48,73,32.6,89,70,18,
2010,54012,Belleville,"2 Sidney St., Water Treatment Plant",A,8648,13,23,30,35,47,71,30.0,96,67,25,
2010,56010,Morrisburg,"County Rd. 2, Morrisburg Water Tower",A,8745,12,22,29,34,44,62,28.6,76,62,0,
2010,56051,Cornwall,Bedford St./3rd St. W.,A,8715,11,21,28,34,44,60,27.9,74,64,0,
2010,59006,Peterborough,10 Hospital Dr.,A,8680,14,24,30,36,46,67,30.5,91,59,12,
2010,63203,Thunder Bay,421 James St. S.,A,8752,8,20,27,32,41,53,25.7,67,52,0,
2010,71078,Sault Ste. Marie,Sault College,A,8690,14,23,28,34,42,59,28.4,73,56,0,
2010,75010,North Bay,"Chippewa St. W., Dept. National Defence",A,8730,11,22,29,34,44,60,28.0,79,59,0,
2010,77219,Sudbury,1222 Ramsey Lake Rd.,A,8748,14,23,29,34,42,59,28.7,75,58,0,
2009,12008,Windsor Downtown,467 University Ave. W.,A,8711,6,16,24,31,44,64,24.8,87,50,4,
2009,12016,Windsor West,College Ave./South St.,A,8670,6,16,24,32,44,63,24.9,78,51,0,
2009,13001,Chatham,435 Grand Ave. W.,A,8725,13,21,28,34,46,65,28.8,88,56,2,
2009,14064,Sarnia,"Front St. N./CN Tracks, Centennial Park",A,8671,10,19,26,33,43,58,26.6,85,54,2,
2009,15020,Grand Bend,Point Blake Conservation Area,A,8681,14,23,29,35,45,62,29.6,98,66,11,
2009,15025,London,900 Highbury Ave. N.,A,8745,9,18,24,31,42,58,25.1,76,56,0,
2009,16015,Port Stanley,"43665 Dexter Line, Elgin Water T. Plt",A,8662,16,24,30,36,47,66,30.9,90,70,14,
2009,18007,Tiverton,4th Concession/Bruce Rd. 23,A,8673,17,25,31,37,45,62,31.4,83,65,7,
2009,21005,Brantford,324 Grand River Ave.,A,8741,8,19,26,34,45,61,26.5,83,62,1,
2009,26060,Kitchener,West Ave./Homewood Ave.,A,8712,10,20,27,34,44,60,27.0,84,62,3,
2009,27067,St. Catharines,"Argyle Cres., Pump Stn.",A,8738,6,19,26,33,43,58,25.6,79,63,0,
2009,28028,Guelph,Exhibition St./Clark St. W.,A,8751,10,20,27,34,44,60,27.3,88,64,5,
2009,29000,Hamilton Downtown,Elgin St./Kelly St.,A,8733,7,17,24,31,42,59,24.3,83,65,2,
2009,29114,Hamilton Mountain,Vickers Rd./E. 18th St.,A,8746,10,20,27,34,45,61,27.2,82,67,5,
2009,29118,Hamilton West,Main St. W./Hwy 403,A,8677,3,14,22,29,40,55,21.8,79,60,0,
2009,31103,Toronto Downtown,Bay St./Wellesley St. W.,A,8735,8,17,24,31,42,58,24.6,89,61,2,
2009,33003,Toronto East,Kennedy Rd./Lawrence Ave. E.,A,8728,4,14,21,29,40,57,22.1,82,54,2,
2009,34020,Toronto North,Hendon Ave./Yonge St.,A,8748,4,14,22,29,38,55,22.1,83,57,6,
2009,35125,Toronto West,125 Resources Rd.,A,8718,2,10,18,26,39,58,19.5,85,53,8,
2009,44008,Burlington,North Shore Blvd. E./Lakeshore Rd.,A,8750,5,16,24,31,42,58,24.1,85,56,4,
2009,44017,Oakville,"Eighth Line/Glenashton Dr., Halton Res.",A,8750,7,18,25,32,43,60,25.5,89,66,5,
2009,45026,Oshawa,"2000 Simcoe St. N., Durham College",A,8411,9,18,25,32,41,55,25.5,88,50,2,
2009,46089,Brampton,"525 Main St. N., Peel Manor",A,8735,5,17,26,33,43,60,25.2,90,65,7,
2009,46108,Mississauga,"3359 Mississauga Rd. N., U Of T Campus",A,8706,4,16,25,32,42,58,24.0,89,62,5,
2009,47045,Barrie,83 Perry St.,A,8746,5,17,25,31,41,57,24.3,86,64,3,
2009,48006,Newmarket,Eagle St. W./McCaffrey Rd.,A,8723,11,22,29,36,45,61,28.6,88,70,10,
2009,49005,Parry Sound,7 Bay St.,A,8753,13,23,30,36,45,61,29.7,88,73,14,
2009,49010,Dorset,1026 Bellwood Acres Rd.,A,8739,10,21,28,34,43,59,27.7,85,70,4,
2009,51001,Ottawa Downtown,Rideau St./Wurtemburg St.,A,8649,8,16,23,29,39,52,23.4,84,66,5,
2009,51002,Ottawa Central,960 Carling Ave.,A,8616,7,18,25,32,41,54,24.7,84,67,6,
2009,51010,Petawawa,Petawawa Research Forest Facility,A,8739,11,21,27,34,43,57,27.3,80,68,0,
2009,52022,Kingston,752 King St. W.,A,8526,15,24,30,36,46,60,30.3,84,68,2,
2009,54012,Belleville,"2 Sidney St., Water Treatment Plant",A,8437,12,22,29,35,44,61,28.5,83,68,3,
2009,56010,Morrisburg,"County Rd. 2, Morrisburg Water Tower",A,8724,9,19,26,33,41,56,26.1,81,66,1,
2009,56051,Cornwall,Bedford St./3rd St. W.,A,8741,8,19,26,32,42,57,25.5,82,69,2,
2009,59006,Peterborough,10 Hospital Dr.,A,8745,12,21,28,34,43,59,27.7,88,68,5,
2009,63203,Thunder Bay,421 James St. S.,A,8681,7,17,24,31,40,51,24.2,59,48,0,
2009,71078,Sault Ste. Marie,Sault College,A,8465,12,21,27,33,44,58,27.8,85,57,1,
2009,75010,North Bay,"Chippewa St. W., Dept. National Defence",A,8740,8,19,26,33,43,58,26.1,81,66,1,
2009,77219,Sudbury,1222 Ramsey Lake Rd.,A,8738,12,20,26,31,39,57,25.9,88,64,6,
2008,12008,Windsor Downtown,467 University Ave. W.,A,8711,7,17,25,34,49,71,26.9,93,62,27,
2008,12016,Windsor West,College Ave./South St.,A,8767,5,16,24,33,48,69,25.9,93,63,15,
2008,13001,Chatham,435 Grand Ave. W.,A,8773,14,22,29,38,50,71,30.9,94,60,25,
2008,14064,Sarnia,"Front St. N./CN Tracks, Centennial Park",A,8771,10,21,28,35,46,67,28.7,93,58,17,
2008,15020,Grand Bend,Point Blake Conservation Area,A,8732,15,24,31,37,47,69,31.3,99,67,20,
2008,15025,London,900 Highbury Ave. N.,A,8772,10,19,26,33,45,63,27.0,87,59,6,
2008,16015,Port Stanley,"43665 Dexter Line, Elgin Water T. Plt",A,8773,17,25,32,41,54,75,34.3,95,74,36,
2008,18007,Tiverton,4th Concession/Bruce Rd. 23,A,8613,18,26,32,38,47,65,32.6,89,60,5,
2008,21005,Brantford,324 Grand River Ave.,A,8751,9,20,27,36,48,68,28.4,91,65,11,
2008,26060,Kitchener,West Ave./Homewood Ave.,A,8671,10,20,27,35,47,64,28.1,87,57,7,
2008,27067,St. Catharines,"Argyle Cres., Pump Stn.",A,8766,8,19,27,34,47,66,27.5,87,64,3,
2008,28028,Guelph,Exhibition St./Clark St. W.,A,8766,9,20,27,35,47,64,27.9,86,58,8,
2008,29000,Hamilton Downtown,Elgin St./Kelly St.,A,8696,7,17,24,31,45,64,25.1,80,63,0,
2008,29114,Hamilton Mountain,Vickers Rd./E. 18th St.,A,8753,12,21,27,35,48,67,29.0,86,65,8,
2008,29118,Hamilton West,Main St. W./Hwy 403,A,8763,4,15,23,30,42,60,23.3,77,58,0,
2008,31103,Toronto Downtown,Bay St./Wellesley St. W.,A,8653,8,17,24,33,47,69,26.0,94,66,24,
2008,33003,Toronto East,Kennedy Rd./Lawrence Ave. E.,A,8772,4,13,20,28,40,63,21.6,85,64,7,
2008,34020,Toronto North,Hendon Ave./Yonge St.,A,8723,4,14,22,30,41,60,22.7,76,56,0,
2008,35125,Toronto West,125 Resources Rd.,A,8765,2,10,18,27,42,67,20.7,87,57,20,
2008,44008,Burlington,North Shore Blvd. E./Lakeshore Rd.,A,8766,6,16,24,32,44,63,24.9,86,68,11,
2008,44017,Oakville,"Eighth Line/Glenashton Dr., Halton Res.",A,8553,9,19,26,34,46,66,27.0,90,66,16,
2008,45026,Oshawa,"2000 Simcoe St. N., Durham College",A,7906,9,19,26,34,44,67,27.0,88,66,7,
2008,46089,Brampton,"525 Main St. N., Peel Manor",A,8702,6,18,26,34,47,67,26.6,83,60,9,
2008,46108,Mississauga,"3359 Mississauga Rd. N., U Of T Campus",A,8621,4,16,24,32,43,64,24.6,84,57,6,
2008,47045,Barrie,83 Perry St.,A,8631,7,19,26,33,45,63,26.5,94,61,13,
2008,48006,Newmarket,Eagle St. W./McCaffrey Rd.,A,8763,12,23,30,36,46,64,29.5,88,59,4,
2008,49005,Parry Sound,7 Bay St.,A,8776,15,25,31,38,49,69,32.1,97,68,26,
2008,49010,Dorset,1026 Bellwood Acres Rd.,A,8604,11,22,29,36,48,65,29.3,90,57,17,
2008,51001,Ottawa Downtown,Rideau St./Wurtemburg St.,A,8754,7,16,23,29,40,56,23.3,76,53,0,
2008,51002,Ottawa Central,960 Carling Ave.,A,8730,8,20,28,35,45,60,27.4,85,54,3,
2008,51010,Petawawa,Petawawa Research Forest Facility,A,8706,11,20,28,34,43,60,27.6,78,57,0,
2008,52022,Kingston,752 King St. W.,A,8711,17,25,31,38,51,71,32.7,88,68,17,
2008,54012,Belleville,"2 Sidney St., Water Treatment Plant",A,8763,13,22,29,36,48,70,29.8,85,60,14,
2008,56010,Morrisburg,"County Rd. 2, Morrisburg Water Tower",A,8749,10,21,28,34,45,60,27.9,82,58,4,
2008,56051,Cornwall,Bedford St./3rd St. W.,A,8746,9,19,26,33,44,60,26.6,86,53,5,
2008,59006,Peterborough,10 Hospital Dr.,A,8593,11,21,27,34,46,70,28.2,91,63,21,
2008,63203,Thunder Bay,421 James St. S.,A,8745,6,17,24,30,38,49,23.0,74,44,0,
2008,71078,Sault Ste. Marie,Sault College,A,8769,14,22,28,35,44,60,28.9,77,54,0,
2008,75010,North Bay,"Chippewa St. W., Dept. National Defence",A,8761,8,20,28,35,46,63,27.7,80,65,0,
2008,77219,Sudbury,1222 Ramsey Lake Rd.,A,8746,12,21,28,34,45,58,27.9,73,51,0,
2007,12008,Windsor Downtown,467 University Ave. W.,A,8705,5,16,25,34,50,83,27.0,121,66,108,
2007,12016,Windsor West,College Ave./South St.,A,8710,4,14,23,32,48,82,25.3,136,63,98,
2007,13001,Chatham,435 Grand Ave. W.,A,8672,13,22,29,37,52,79,30.9,99,69,73,
2007,14064,Sarnia,"Front St. N./CN Tracks, Centennial Park",A,8690,10,20,28,35,47,78,28.6,106,64,66,
2007,15020,Grand Bend,Point Blake Conservation Area,A,8662,14,24,31,37,49,81,31.7,131,67,89,
2007,15025,London,900 Highbury Ave. N.,A,8743,9,19,26,33,46,71,27.2,85,61,18,
2007,16015,Port Stanley,"43665 Dexter Line, Elgin Water T. Plt",A,8587,17,25,32,39,54,85,34.3,113,81,129,
2007,18007,Tiverton,4th Concession/Bruce Rd. 23,A,8711,18,27,33,39,51,82,34.3,108,78,101,
2007,21005,Brantford,324 Grand River Ave.,A,8747,8,20,28,36,50,76,28.9,102,58,44,
2007,26060,Kitchener,West Ave./Homewood Ave.,A,8743,9,20,28,35,48,75,28.6,95,68,29,
2007,27067,St. Catharines,"Argyle Cres., Pump Stn.",A,8702,7,19,27,34,50,75,28.1,101,63,42,
2007,28028,Guelph,Exhibition St./Clark St. W.,A,8588,8,20,28,35,47,75,28.1,96,55,40,
2007,29000,Hamilton Downtown,Elgin St./Kelly St.,A,8696,5,16,23,31,45,71,24.8,100,61,24,
2007,29114,Hamilton Mountain,Vickers Rd./E. 18th St.,A,8697,10,21,28,35,50,75,29.2,103,65,40,
2007,29118,Hamilton West,Main St. W./Hwy 403,A,8747,3,14,22,29,42,66,23.0,91,54,11,
2007,31103,Toronto Downtown,Bay St./Wellesley St. W.,A,8725,7,17,24,32,45,72,25.7,97,62,41,
2007,33003,Toronto East,Kennedy Rd./Lawrence Ave. E.,A,8740,3,14,22,30,42,69,23.2,102,55,35,
2007,34020,Toronto North,Hendon Ave./Yonge St.,A,8587,4,15,24,32,44,69,24.5,98,60,37,
2007,35125,Toronto West,125 Resources Rd.,A,8646,3,11,19,27,42,70,21.1,98,54,33,
2007,44008,Burlington,North Shore Blvd. E./Lakeshore Rd.,A,8739,5,16,23,32,44,68,24.6,94,55,20,
2007,44017,Oakville,"Eighth Line/Glenashton Dr., Halton Res.",A,8733,8,19,27,34,46,73,27.5,95,61,36,
2007,45026,Oshawa,"2000 Simcoe St. N., Durham College",A,8684,9,20,28,34,44,74,28.0,103,59,51,
2007,46089,Brampton,"525 Main St. N., Peel Manor",A,8718,5,18,27,34,46,72,26.8,106,60,37,
2007,46109,Mississauga,Frank McKechnie Comm. Center,A,8564,3,14,22,30,44,71,23.3,95,60,29,
2007,47045,Barrie,83 Perry St.,A,8723,7,18,26,32,43,64,25.9,84,57,7,
2007,48006,Newmarket,Eagle St. W./McCaffrey Rd.,A,8666,13,24,32,38,50,77,31.7,104,70,54,
2007,49005,Parry Sound,7 Bay St.,A,8741,15,25,32,37,48,72,31.8,92,66,30,
2007,49010,Dorset,1026 Bellwood Acres Rd.,A,8667,12,23,30,36,46,70,29.9,96,65,34,
2007,51001,Ottawa Downtown,Rideau St./Wurtemburg St.,A,8520,8,17,24,30,41,66,24.7,90,61,11,
2007,51002,Ottawa Central,960 Carling Ave.,A,8492,8,20,27,33,42,65,26.5,83,61,2,
2007,51010,Petawawa,Petawawa Research Forest Facility,A,8738,12,22,28,34,43,63,28.3,89,67,8,
2007,52022,Kingston,752 King St. W.,A,8729,17,26,32,39,53,82,33.9,99,74,98,
2007,54012,Belleville,"2 Sidney St., Water Treatment Plant",A,8720,13,24,31,37,50,84,32.0,124,77,124,
2007,56010,Morrisburg,"County Rd. 2, Morrisburg Water Tower",A,8741,11,22,29,35,47,74,29.2,89,71,34,
2007,56051,Cornwall,Bedford St./3rd St. W.,A,8738,9,21,28,34,46,73,28.3,95,75,24,
2007,59006,Peterborough,10 Hospital Dr.,A,8707,11,21,28,33,42,66,27.6,101,57,10,
2007,63203,Thunder Bay,421 James St. S.,A,8746,6,17,25,31,40,53,24.2,67,56,0,
2007,71078,Sault Ste. Marie,Sault College,A,8593,14,23,29,35,45,65,29.7,80,66,0,
2007,75010,North Bay,"Chippewa St. W., Dept. National Defence",A,8745,10,20,27,33,44,64,27.1,83,53,4,
2007,77219,Sudbury,1222 Ramsey Lake Rd.,A,8626,13,21,28,33,43,64,28.1,91,76,16,
2006,12008,Windsor Downtown,467 University Ave. W.,A,8722,4,14,23,32,47,72,24.6,98,64,29,
2006,12016,Windsor West,College Ave./South St.,A,8698,3,13,22,32,48,72,24.3,98,68,29,
2006,13001,Chatham,435 Grand Ave. W.,A,8732,10,19,27,36,49,72,28.7,89,66,19,
2006,14064,Sarnia,"Front St. N./CN Tracks, Centennial Park",A,8721,7,18,26,35,45,69,26.7,100,60,17,
2006,15020,Grand Bend,Point Blake Conservation Area,A,8413,11,21,29,37,48,74,29.7,127,73,35,
2006,15025,London,900 Highbury Ave. N.,A,8712,6,16,24,32,44,66,25.1,82,66,1,
2006,16015,Port Stanley,"43665 Dexter Line, Elgin Water T. Plt",A,8603,15,23,31,39,52,78,32.4,100,76,57,
2006,18007,Tiverton,4th Concession/Bruce Rd. 23,A,8570,14,21,27,36,45,64,29.0,91,71,6,
2006,21005,Brantford,324 Grand River Ave.,A,8732,6,18,26,34,48,70,27.0,94,69,10,
2006,26060,Kitchener,West Ave./Homewood Ave.,A,8724,6,18,26,34,46,66,26.6,82,71,6,
2006,27067,St. Catharines,"Argyle Cres., Pump Stn.",A,8708,5,17,25,34,48,70,26.2,85,69,8,
2006,28028,Guelph,Exhibition St./Clark St. W.,A,8742,6,18,26,34,46,67,26.8,86,71,8,
2006,29000,Hamilton Downtown,Elgin St./Kelly St.,A,8675,4,15,22,30,43,66,23.2,82,69,5,
2006,29114,Hamilton Mountain,Vickers Rd./E. 18th St.,A,8717,7,19,26,34,48,69,27.5,86,70,6,
2006,29118,Hamilton West,Main St. W./Hwy 403,A,8730,2,12,20,27,39,61,20.9,84,64,1,
2006,31103,Toronto Downtown,Bay St./Wellesley St. W.,A,8727,4,13,21,29,42,68,22.6,92,66,15,
2006,33003,Toronto East,Kennedy Rd./Lawrence Ave. E.,A,8692,4,13,20,29,41,66,22.0,88,62,14,
2006,34020,Toronto North,Hendon Ave./Yonge St.,A,8737,3,13,22,31,43,66,23.3,96,62,6,
2006,35003,Etobicoke West,"Elmcrest Rd., Centennial Park",A,8641,2,11,20,29,43,68,21.4,91,66,13,
2006,35125,Toronto West,125 Resources Rd.,A,8656,3,8,16,25,40,66,19.0,94,62,9,
2006,44008,Burlington,North Shore Blvd. E./Lakeshore Rd.,A,8731,4,14,22,31,45,67,23.5,106,64,12,
2006,44017,Oakville,"Eighth Line/Glenashton Dr., Halton Res.",A,8647,6,17,25,33,45,69,26.1,93,71,16,
2006,45026,Oshawa,"2000 Simcoe St. N., Durham College",A,8646,7,17,24,32,42,65,25.1,87,57,9,
2006,46089,Brampton,"525 Main St. N., Peel Manor",A,8702,4,16,25,33,46,68,25.5,92,68,12,
2006,46109,Mississauga,Frank McKechnie Comm. Center,A,8705,2,12,21,30,43,70,22.4,90,71,14,
2006,47045,Barrie,83 Perry St.,A,8733,4,16,24,31,43,61,24.1,76,66,0,
2006,48006,Newmarket,Eagle St. W./McCaffrey Rd.,A,8740,8,21,28,36,48,69,28.8,94,71,14,
2006,49005,Parry Sound,7 Bay St.,A,8737,13,23,30,38,49,73,30.7,89,77,24,
2006,49010,Dorset,Hwy 117/Paint Lake Rd.,A,8637,10,21,29,36,47,64,28.9,88,55,4,
2006,51001,Ottawa Downtown,Rideau St./Wurtemburg St.,A,8625,7,15,22,30,41,60,23.6,85,66,3,
2006,52020,Kingston,133 Dalton St.,A,7065,3,17,25,32,44,69,24.9,89,59,11,
2006,54012,Belleville,"2 Sidney St., Water Treatment Plant",A,8725,11,21,28,35,48,76,29.2,103,73,41,
2006,56010,Morrisburg,"County Rd. 2, Morrisburg Water Tower",A,8726,9,21,27,34,46,69,28.0,88,72,23,
2006,56051,Cornwall,Bedford St./3rd St. W.,A,8705,9,20,27,34,45,66,27.5,96,71,18,
2006,59006,Peterborough,10 Hospital Dr.,A,8681,8,18,24,32,41,58,24.9,80,62,0,
2006,63203,Thunder Bay,421 James St. S.,A,8742,4,16,24,31,42,54,23.5,74,51,0,
2006,71078,Sault Ste. Marie,Sault College,A,8734,13,22,28,35,46,68,29.1,114,80,12,
2006,75010,North Bay,"Chippewa St. W., Dept. National Defence",A,8674,7,19,26,33,45,66,26.7,88,65,6,
2006,77219,Sudbury,1222 Ramsey Lake Rd.,A,8714,13,21,28,34,44,66,28.4,94,69,9,
2005,12008,Windsor Downtown,467 University Ave. W.,A,8005,3,12,22,32,53,84,25.3,108,70,125,
2005,12016,Windsor West,College Ave./South St.,A,8633,2,13,22,32,54,86,25.6,111,68,150,
2005,13001,Chatham,435 Grand Ave. W.,A,8596,10,21,29,38,54,82,31.0,116,75,99,
2005,14064,Sarnia,"Front St. N./CN Tracks, Centennial Park",A,8058,7,18,26,34,49,79,27.4,115,61,76,
2005,15020,Grand Bend,Point Blake Conservation Area,A,8687,13,24,32,38,52,82,32.5,131,73,98,
2005,15025,London,900 Highbury Ave. N.,A,8741,6,17,24,32,48,71,26.1,93,64,14,
2005,16015,Port Stanley,"43665 Dexter Line, Elgin Water T. Plt",A,8717,15,25,33,40,58,88,34.6,111,79,172,
2005,18007,Tiverton,4th Concession/Bruce Rd. 23,A,8634,16,25,31,37,47,69,31.8,121,74,22,
2005,21005,Brantford,324 Grand River Ave.,A,8718,6,18,27,35,50,75,27.9,96,65,36,
2005,26060,Kitchener,West Ave./Homewood Ave.,A,8716,6,19,27,35,49,74,28.0,96,67,30,
2005,27067,St. Catharines,"Argyle Cres., Pump Stn.",A,8693,3,16,25,33,50,74,26.3,100,68,30,
2005,28028,Guelph,Exhibition St./Clark St. W.,A,8715,7,19,28,36,50,76,28.6,97,66,48,
2005,29000,Hamilton Downtown,Elgin St./Kelly St.,A,8595,4,14,22,29,44,69,23.3,95,67,23,
2005,29114,Hamilton Mountain,Vickers Rd./E. 18th St.,A,8728,7,18,26,35,51,75,28.2,95,73,48,
2005,29118,Hamilton West,Main St. W./Hwy 403,A,8748,1,11,20,28,41,62,21.2,81,61,4,
2005,31103,Toronto Downtown,Bay St./Wellesley St. W.,A,8647,5,14,22,31,46,72,24.5,100,63,36,
2005,33003,Toronto East,Kennedy Rd./Lawrence Ave. E.,A,8099,3,12,20,28,43,74,22.4,105,59,38,
2005,34020,Toronto North,Hendon Ave./Yonge St.,A,8700,5,14,24,32,45,69,24.5,93,55,17,
2005,35003,Etobicoke West,"Elmcrest Rd., Centennial Park",A,8694,2,11,20,30,46,75,22.9,106,68,50,
2005,35125,Toronto West,125 Resources Rd.,A,8713,3,8,16,26,43,74,20.3,107,59,49,
2005,44008,Burlington,North Shore Blvd. E./Lakeshore Rd.,A,8674,3,14,22,31,45,69,23.9,91,59,18,
2005,44017,Oakville,"Eighth Line/Glenashton Dr., Halton Res.",A,8698,6,18,27,35,49,75,27.7,98,72,47,
2005,45026,Oshawa,"2000 Simcoe St. N., Durham College",A,8005,10,19,28,36,47,75,INS,112,62,45,
2005,46089,Brampton,"525 Main St. N., Peel Manor",A,8743,5,16,26,35,49,75,26.8,101,64,47,
2005,46109,Mississauga,Frank McKechnie Comm. Center,A,8732,2,11,21,30,47,76,23.1,102,74,54,
2005,47045,Barrie,83 Perry St.,A,8732,6,18,26,35,46,70,26.9,103,62,24,
2005,48002,Stouffville,Hwy 47/ E. Of Hwy 48,A,8695,10,19,26,33,42,67,26.3,89,54,10,
2005,48006,Newmarket,Eagle St. W./McCaffrey Rd.,A,8734,10,22,31,38,50,76,30.8,114,67,58,
2005,49005,Parry Sound,7 Bay St.,A,8740,14,25,33,40,54,79,33.8,110,78,76,
2005,49010,Dorset,1026 Bellwood Acres Rd.,A,8671,14,24,32,39,50,76,32.3,116,61,41,
2005,51001,Ottawa Downtown,Rideau St./Wurtemburg St.,A,8457,5,15,22,29,40,66,23.3,84,57,5,
2005,52020,Kingston,133 Dalton St.,A,8721,3,15,24,32,45,72,24.8,98,68,33,
2005,54012,Belleville,"2 Sidney St., Water Treatment Plant",A,8684,8,21,29,36,50,80,29.4,111,73,83,
2005,56010,Morrisburg,"County Rd. 2, Morrisburg Water Tower",A,8747,8,20,28,35,46,68,27.8,97,63,15,
2005,56051,Cornwall,Bedford St./3rd St. W.,A,8694,8,20,27,34,47,69,27.7,89,64,18,
2005,59006,Peterborough,10 Hospital Dr.,A,8695,12,22,30,38,50,76,31.2,101,69,53,
2005,63203,Thunder Bay,421 James St. S.,A,8430,4,14,22,29,40,55,22.3,69,54,0,
2005,71078,Sault Ste. Marie,Sault College,A,8716,13,22,29,36,48,70,30.2,84,67,2,
2005,75010,North Bay,"Chippewa St. W., Dept. National Defence",A,8663,8,19,28,35,47,70,28.0,103,71,17,
2005,77219,Sudbury,1222 Ramsey Lake Rd.,A,8739,14,23,30,37,49,73,31.0,100,70,22,
2004,12008,Windsor Downtown,467 University Ave. W.,A,8745,1,10,18,27,40,67,20.2,92,48,10,
2004,12016,Windsor West,College Ave./South St.,A,8765,3,12,21,29,44,69,22.6,92,56,19,
2004,13021,Merlin,"Middle Rd., Moe Water Pump Stn.",A,8765,10,20,28,35,47,69,28.4,90,58,14,
2004,14064,Sarnia,"Front St. N./CN Tracks, Centennial Park",A,8671,4,16,24,31,41,60,23.8,93,51,4,
2004,15020,Grand Bend,Point Blake Conservation Area,A,8593,10,19,25,31,40,67,25.8,105,54,24,
2004,15025,London,900 Highbury Ave. N.,A,8592,5,16,23,30,41,63,23.6,85,53,7,
2004,16015,Port Stanley,"43665 Dexter Line, Elgin Water T. Plt",A,8618,14,24,31,39,50,76,32.2,92,68,46,
2004,18007,Tiverton,4th Concession/Bruce Rd. 23,A,7668,13,22,27,33,43,62,28.1,97,60,8,
2004,21005,Brantford,324 Grand River Ave.,A,8696,6,17,26,34,46,66,26.2,92,60,12,
2004,26060,Kitchener,West Ave./Homewood Ave.,A,8748,5,17,25,31,43,64,24.8,82,57,3,
2004,27067,St. Catharines,"Argyle Cres., Pump Stn.",A,8769,3,15,23,31,42,64,23.6,79,61,0,
2004,28028,Guelph,Exhibition St./Clark St. W.,A,8752,6,18,26,33,44,65,25.9,87,55,5,
2004,29000,Hamilton Downtown,Elgin St./Kelly St.,A,8735,2,11,19,26,39,60,20.1,78,55,0,
2004,29114,Hamilton Mountain,Vickers Rd./E. 18th St.,A,8773,6,16,24,31,43,65,24.6,80,58,0,
2004,29118,Hamilton West,Main St. W./Hwy 403,A,8653,1,10,18,26,37,57,19.2,80,50,0,
2004,31103,Toronto Downtown,Bay St./Wellesley St. W.,A,8655,4,14,21,30,42,65,22.8,82,55,2,
2004,33003,Toronto East,Kennedy Rd./Lawrence Ave. E.,A,8720,2,11,18,26,39,62,19.9,82,50,2,
2004,34020,Toronto North,Hendon Ave./Yonge St.,A,8742,4,13,22,30,40,59,22.5,81,47,1,
2004,35003,Etobicoke West,"Elmcrest Rd., Centennial Park",A,8754,2,10,19,28,40,62,20.4,77,51,0,
2004,35125,Toronto West,125 Resources Rd.,A,8761,3,7,15,23,36,60,17.6,78,47,0,
2004,44008,Burlington,North Shore Blvd. E./Lakeshore Rd.,A,8722,3,12,20,28,40,60,21.0,89,55,3,
2004,44017,Oakville,"Eighth Line/Glenashton Dr., Halton Res.",A,8757,5,16,24,32,43,65,24.6,86,58,3,
2004,45025,Oshawa,Ritson Rd. Public School,A,8729,5,16,23,30,39,57,23.3,76,51,0,
2004,46089,Brampton,"525 Main St. N., Peel Manor",A,8716,6,17,25,33,43,65,25.1,84,58,3,
2004,46109,Mississauga,Frank McKechnie Comm. Center,A,5458,2,9,17,26,42,65,INS,82,58,1,
2004,47045,Barrie,83 Perry St.,A,8637,4,17,25,32,43,60,24.8,81,52,1,
2004,48002,Stouffville,Hwy 47/ E. Of Hwy 48,A,8738,10,20,27,34,43,64,27.3,86,62,8,
2004,48006,Newmarket,Eagle St. W./McCaffrey Rd.,A,8763,8,21,28,35,46,67,28.3,96,66,13,
2004,49005,Parry Sound,7 Bay St.,A,8748,13,25,31,37,48,69,31.1,99,67,30,
2004,49010,Dorset,1026 Bellwood Acres Rd.,A,8663,12,23,29,35,44,63,28.8,89,53,3,
2004,51001,Ottawa Downtown,Rideau St./Wurtemburg St.,A,8558,5,15,21,28,37,54,21.7,72,49,0,
2004,52020,Kingston,133 Dalton St.,A,8737,2,14,23,30,41,62,22.5,85,56,4,
2004,54012,Belleville,"2 Sidney St., Water Treatment Plant",A,8751,8,19,27,36,48,71,28.1,90,71,24,
2004,56051,Cornwall,Bedford St./3rd St. W.,A,8752,5,17,24,30,40,57,23.8,77,61,0,
2004,59006,Peterborough,10 Hospital Dr.,A,8759,9,20,27,34,43,65,27.1,82,57,2,
2004,63203,Thunder Bay,421 James St. S.,A,8483,4,14,23,30,38,48,22.0,64,43,0,
2004,71078,Sault Ste. Marie,Sault College,A,8757,11,21,27,33,42,58,27.0,96,51,6,
2004,75010,North Bay,"Chippewa St. W., Dept. National Defence",A,8750,6,19,26,32,41,61,25.2,83,62,1,
2004,77219,Sudbury,1222 Ramsey Lake Rd.,A,4475,11,19,24,31,39,62,INS,82,60,2,
2003,12008,Windsor Downtown,467 University Ave. W.,A,8524,3,11,20,30,46,76,22.9,111,61,60,
2003,12016,Windsor West,College Ave./South St.,A,8618,4,11,19,29,47,81,22.9,123,73,90,
2003,14064,Sarnia,"Front St. N./CN Tracks, Centennial Park",A,8419,6,17,24,31,42,68,24.7,110,63,32,
2003,15020,Grand Bend,Point Blake Conservation Area,A,8518,14,23,30,37,46,69,30.7,131,75,39,
2003,15025,London,900 Highbury Ave. N.,A,8349,6,17,25,34,49,75,26.9,109,81,40,
2003,16015,Port Stanley,"43665 Dexter Line, Elgin Water T. Plt",A,8538,16,26,33,41,56,88,34.9,129,94,138,
2003,18007,Tiverton,4th Concession/Bruce Rd. 23,A,8451,17,26,32,39,51,78,33.2,135,88,68,
2003,26060,Kitchener,West Ave./Homewood Ave.,A,8674,5,19,27,36,49,77,28.1,109,83,66,
2003,27067,St. Catharines,"Argyle Cres., Pump Stn.",A,8568,4,16,24,32,47,75,25.3,107,81,59,
2003,28028,Guelph,Exhibition St./Clark St. W.,A,8474,5,16,24,31,42,71,24.4,102,74,38,
2003,29000,Hamilton Downtown,Elgin St./Kelly St.,A,8675,2,12,20,28,42,72,21.7,101,80,39,
2003,29114,Hamilton Mountain,Vickers Rd./E. 18th St.,A,8579,8,19,27,35,49,80,28.4,114,89,79,
2003,29118,Hamilton West,Main St. W./Hwy 403,A,8688,4,11,21,29,41,70,22.0,110,79,40,
2003,31103,Toronto Downtown,Bay St./Wellesley St. W.,A,8679,4,13,21,30,44,75,23.6,115,70,65,
2003,33003,Toronto East,Kennedy Rd./Lawrence Ave. E.,A,8642,3,11,20,29,42,70,21.8,112,66,40,
2003,34020,Toronto North,Hendon Ave./Yonge St.,A,8610,4,13,23,31,43,69,23.6,112,73,42,
2003,35125,Toronto West,125 Resources Rd.,A,8541,3,7,15,24,40,67,18.7,104,55,40,
2003,44008,Burlington,North Shore Blvd. E./Lakeshore Rd.,A,8648,2,12,21,31,45,71,22.8,104,65,33,
2003,44015,Oakville,Bronte Rd./Woburn Cres.,A,3557,5,18,27,35,46,63,INS,76,55,0,
2003,44017,Oakville,"Eighth Line/Glenashton Dr., Halton Res.",A,5068,8,18,26,36,53,86,INS,114,85,79,
2003,45025,Oshawa,Ritson Rd. Public School,A,8697,4,15,24,32,41,65,24.1,107,59,37,
2003,46089,Brampton,"525 Main St. N., Peel Manor",A,8698,3,15,25,33,44,77,25.1,111,79,68,
2003,46110,Mississauga,Mississauga General Hospital,A,8526,6,14,23,32,45,76,24.8,110,76,61,
2003,47045,Barrie,83 Perry St.,A,8589,2,14,23,31,42,67,23.2,94,63,21,
2003,48002,Stouffville,Hwy 47/ E. Of Hwy 48,A,8649,11,21,29,36,47,74,29.4,107,74,57,
2003,48006,Newmarket,Eagle St. W./McCaffrey Rd.,A,8600,8,22,30,37,47,74,29.6,106,79,50,
2003,49005,Parry Sound,7 Bay St.,A,6453,11,22,29,37,51,77,INS,103,83,54,
2003,49010,Dorset,1026 Bellwood Acres Rd.,A,8234,11,23,31,37,47,67,30.1,95,57,9,
2003,51001,Ottawa Downtown,Rideau St./Wurtemburg St.,A,8102,5,16,24,31,44,64,24.7,104,65,15,
2003,52020,Kingston,133 Dalton St.,A,8698,2,14,24,32,43,72,24.0,110,75,39,
2003,54012,Belleville,"2 Sidney St., Water Treatment Plant",A,8673,10,21,30,38,51,82,30.9,149,94,103,
2003,56051,Cornwall,Bedford St./3rd St. W.,A,8601,5,18,26,32,44,72,25.9,109,89,38,
2003,59006,Peterborough,10 Hospital Dr.,A,8632,10,22,29,36,47,75,29.7,120,87,60,
2003,63200,Thunder Bay,"615 James St. S., MTO",A,8124,5,18,27,35,43,58,26.1,78,61,0,
2003,71068,Sault Ste. Marie,Wm. Merrifield School,A,7607,7,18,27,35,45,62,26.8,89,62,2,
2003,75010,North Bay,"Chippewa St. W., Dept. National Defence",A,8462,7,19,27,34,45,68,27.0,89,72,22,
2003,77203,Sudbury,Science North,A,8627,13,22,28,34,44,68,28.5,95,78,23,
2002,12008,Windsor Downtown,467 University Ave. W.,A,7299,2,8,17,27,49,89,21.9,124,64,153,
2002,12016,Windsor West,College Ave./South St.,A,7275,0,7,15,24,50,91,20.2,127,66,164,
2002,14064,Sarnia,"Front St. N./CN Tracks, Centennial Park",A,7185,5,16,24,32,50,87,26.5,125,74,111,
2002,15009,Longwoods,Longwoods Conservation Authority,A,7304,6,15,23,32,49,86,25.9,113,69,108,
2002,15020,Grand Bend,Point Blake Conservation Area,A,7034,10,21,28,35,50,91,29.8,129,75,131,
2002,15025,London,900 Highbury Ave. N.,A,6775,4,14,22,30,51,87,25.3,116,76,120,
2002,16015,Port Stanley,"43665 Dexter Line, Elgin Water T. Plt",A,4913,14,23,31,42,66,102,INS,131,87,273,
2002,18007,Tiverton,4th Concession/Bruce Rd. 23,A,6583,18,26,32,38,56,88,34.7,136,85,123,
2002,22901,Long Point,Provincial Park,A,7655,12,22,29,38,59,100,32.9,132,90,276,
2002,26060,Kitchener,West Ave./Homewood Ave.,A,7370,6,17,25,33,51,85,27.3,107,78,105,
2002,27067,St. Catharines,"Argyle Cres., Pump Stn.",A,7380,3,13,21,30,50,83,24.1,111,69,101,
2002,28028,Guelph,Exhibition St./Clark St. W.,A,8429,8,20,28,35,47,82,28.4,103,69,96,
2002,29000,Hamilton Downtown,Elgin St./Kelly St.,A,7413,1,9,16,25,45,79,20.4,117,71,69,
2002,29114,Hamilton Mountain,Vickers Rd./E. 18th St.,A,7213,7,17,24,33,53,86,27.7,121,84,118,
2002,29118,Hamilton West,Main St. W./Hwy 403,A,7199,2,10,18,26,43,75,20.5,110,65,31,
2002,31103,Toronto Downtown,Bay St./Wellesley St. W.,A,8722,4,13,22,30,46,77,24.0,104,68,61,
2002,33003,Toronto East,Kennedy Rd./Lawrence Ave. E.,A,8739,2,11,19,28,41,73,21.0,102,57,48,
2002,34020,Toronto North,Hendon Ave./Yonge St.,A,8712,4,13,23,33,47,81,25.1,113,70,96,
2002,35003,Etobicoke West,"Elmcrest Rd., Centennial Park",A,7273,2,10,19,28,46,81,22.0,105,67,78,
2002,36030,York,Clearview Hts./Keele St.,I,7201,3,7,16,26,45,85,20.6,117,64,99,
2002,44008,Burlington,North Shore Blvd. E./Lakeshore Rd.,A,8675,6,16,24,33,48,80,26.3,111,76,86,
2002,44015,Oakville,Bronte Rd./Woburn Cres.,A,7161,4,13,23,32,49,81,25.1,105,64,76,
2002,45025,Oshawa,Ritson Rd. Public School,A,7773,4,14,23,30,40,66,23.2,110,67,35,
2002,46089,Brampton,"525 Main St. N., Peel Manor",A,8717,5,17,25,33,46,76,26.2,107,72,58,
2002,46110,Mississauga,Mississauga General Hospital,A,8342,3,12,21,30,45,79,23.1,111,62,72,
2002,47005,Georgian Bay South,"1385 River Rd. E., Wasaga Beach",A,3408,14,26,34,44,60,90,INS,103,63,85,
2002,47045,Barrie,83 Perry St.,A,8689,5,17,26,34,46,72,26.1,103,63,39,
2002,48002,Stouffville,Hwy 47/ E. Of Hwy 48,A,8536,11,23,30,36,49,82,30.6,129,73,90,
2002,48006,Newmarket,Eagle St. W./McCaffrey Rd.,A,8723,11,23,31,38,51,84,31.4,113,72,115,
2002,49005,Parry Sound,7 Bay St.,A,4715,14,25,31,40,58,82,INS,102,70,53,
2002,49010,Dorset,1026 Bellwood Acres Rd.,A,7919,14,25,33,39,50,74,32.4,106,59,38,
2002,51001,Ottawa Downtown,Rideau St./Wurtemburg St.,A,7990,6,17,24,32,43,64,24.9,90,61,7,
2002,52020,Kingston,133 Dalton St.,A,7404,2,12,21,29,44,80,23.0,115,75,70,
2002,54012,Belleville,"2 Sidney St., Water Treatment Plant",A,3650,7,18,25,33,49,96,INS,111,84,83,
2002,56051,Cornwall,Bedford St./3rd St. W.,A,7098,5,17,24,31,43,71,24.8,87,69,12,
2002,59006,Peterborough,10 Hospital Dr.,A,8685,11,22,30,37,48,85,30.5,116,70,110,
2002,62200,Fort Frances,"Armit Ave./4th Street, Robert Moore P.S.",I,7627,13,22,28,34,43,61,28.4,74,60,0,
2002,63200,Thunder Bay,"615 James St. S., MTO",A,7110,4,17,24,31,39,55,23.4,78,48,0,
2002,71068,Sault Ste. Marie,Wm. Merrifield School,A,7249,6,17,25,31,39,59,24.2,83,53,2,
2002,75010,North Bay,"Chippewa St. W., Dept. National Defence",A,8708,7,20,27,34,44,70,26.8,93,62,21,
2002,77203,Sudbury,Science North,A,8554,14,22,29,35,44,67,29.2,104,65,11,
2001,12008,Windsor Downtown,467 University Ave. W.,A,8688,1,8,17,27,45,77,20.5,112,62,63,
2001,12016,Windsor West,College Ave./South St.,A,8316,0,6,15,25,43,76,19.0,112,58,58,
2001,14064,Sarnia,"Front St. N./CN Tracks, Centennial Park",A,8462,4,15,24,32,48,82,25.6,128,71,93,
2001,14118,Mandaumin,Concession Rd. 26,A,8288,6,17,25,33,46,78,26.5,112,63,63,
2001,15009,Longwoods,Longwoods Conservation Authority,A,8489,5,16,24,33,48,76,26.0,117,65,62,
2001,15013,Parkhill,Puc Building,A,8684,9,19,27,35,49,79,28.6,114,67,67,
2001,15020,Grand Bend,Point Blake Conservation Area,A,8706,11,22,30,39,52,84,31.6,117,72,135,
2001,15025,London,900 Highbury Ave. N.,A,8636,4,14,22,31,47,78,24.2,104,67,68,
2001,18007,Tiverton,4th Concession/Bruce Rd. 23,A,8713,18,27,33,40,52,82,34.7,116,80,102,
2001,22901,Long Point,Provincial Park,A,8381,12,22,30,39,58,90,32.8,137,92,216,
2001,26060,Kitchener,West Ave./Homewood Ave.,A,8686,4,16,24,33,48,78,25.7,99,68,65,
2001,27067,St. Catharines,"Argyle Cres., Pump Stn.",A,8653,0,10,19,28,45,73,21.2,100,66,39,
2001,28028,Guelph,Exhibition St./Clark St. W.,A,8730,6,19,27,36,51,82,28.6,104,72,104,
2001,29000,Hamilton Downtown,Elgin St./Kelly St.,A,8709,0,8,16,25,41,72,18.8,98,67,39,
2001,29114,Hamilton Mountain,Vickers Rd./E. 18th St.,A,8701,3,13,22,31,48,80,24.2,105,72,81,
2001,29118,Hamilton West,Main St. W./Hwy 403,A,8694,0,8,17,25,39,70,18.6,99,66,38,
2001,31103,Toronto Downtown,Bay St./Wellesley St. W.,A,8679,3,11,19,29,44,75,22.0,107,67,47,
2001,33003,Toronto East,Kennedy Rd./Lawrence Ave. E.,A,8717,3,10,18,29,44,77,21.7,110,67,63,
2001,34020,Toronto North,Hendon Ave./Yonge St.,A,8680,4,12,22,31,44,75,23.4,97,68,55,
2001,35003,Etobicoke West,"Elmcrest Rd., Centennial Park",A,8560,1,8,18,28,44,76,21.0,114,64,51,
2001,36030,York,Clearview Hts./Keele St.,I,8702,2,6,15,26,43,77,19.3,119,61,66,
2001,44008,Burlington,North Shore Blvd. E./Lakeshore Rd.,A,8684,4,12,21,31,45,74,23.4,117,69,42,
2001,44015,Oakville,Bronte Rd./Woburn Cres.,A,8052,3,11,21,30,46,73,22.9,107,67,44,
2001,45025,Oshawa,Ritson Rd. Public School,A,8708,4,13,22,31,42,71,23.4,108,60,39,
2001,46089,Brampton,"525 Main St. N., Peel Manor",A,8632,4,15,24,33,47,77,25.4,106,68,53,
2001,46110,Mississauga,Mississauga General Hospital,A,8674,2,10,20,29,46,80,22.4,121,71,86,
2001,48002,Stouffville,Hwy 47/ E. Of Hwy 48,A,8711,10,22,29,38,50,77,30.5,103,73,64,
2001,48006,Newmarket,Eagle St. W./McCaffrey Rd.,A,4935,6,19,27,35,55,87,INS,113,75,89,
2001,49005,Parry Sound,7 Bay St.,A,4381,10,24,34,46,62,91,INS,116,89,108,
2001,49010,Dorset,1026 Bellwood Acres Rd.,A,8695,12,23,30,38,50,77,31.0,98,65,58,
2001,51001,Ottawa Downtown,Rideau St./Wurtemburg St.,A,7890,6,15,23,32,45,71,25.0,92,71,26,
2001,52020,Kingston,133 Dalton St.,A,8584,1,8,18,29,43,72,20.7,97,70,40,
2001,56051,Cornwall,Bedford St./3rd St. W.,A,8439,7,19,27,36,51,80,29.0,108,73,84,
2001,59006,Peterborough,10 Hospital Dr.,A,8667,10,22,30,38,51,81,30.7,117,69,97,
2001,62200,Fort Frances,"Armit Ave./4th Street, Robert Moore P.S.",I,8547,12,23,29,35,45,59,28.9,78,64,0,
2001,63200,Thunder Bay,"615 James St. S., MTO",A,8641,4,16,26,33,43,56,24.4,75,53,0,
2001,71068,Sault Ste. Marie,Wm. Merrifield School,A,8616,6,17,25,33,45,60,25.2,88,65,2,
2001,75010,North Bay,"Chippewa St. W., Dept. National Defence",A,8717,6,17,26,34,47,75,26.6,96,67,51,
2001,77203,Sudbury,Science North,A,8698,10,21,28,36,48,71,29.1,98,76,25,
2000,12008,Windsor Downtown,467 University Ave. W.,A,8663,1,7,16,25,41,66,18.6,103,61,22,
2000,12016,Windsor West,College Ave./South St.,A,8773,0,5,14,23,40,64,17.0,106,59,13,
2000,14064,Sarnia,"Front St. N./CN Tracks, Centennial Park",A,8457,4,15,24,32,43,68,24.3,107,61,15,
2000,14118,Mandaumin,Concession Rd. 26,A,8645,8,17,25,32,44,71,25.9,122,68,42,
2000,15009,Longwoods,Longwoods Conservation Authority,A,8720,5,16,24,32,45,71,24.9,105,66,29,
2000,15013,Parkhill,Puc Building,A,8623,9,19,26,34,45,69,27.3,98,61,19,
2000,15020,Grand Bend,Point Blake Conservation Area,A,8754,12,24,32,39,51,78,32.6,128,80,76,
2000,15025,London,900 Highbury Ave. N.,A,8476,3,12,20,27,40,64,21.1,110,65,20,
2000,18007,Tiverton,4th Concession/Bruce Rd. 23,A,8703,17,27,32,37,47,70,32.3,109,75,36,
2000,22901,Long Point,Provincial Park,A,8075,15,24,31,39,55,83,33.1,115,94,105,
2000,26060,Kitchener,West Ave./Homewood Ave.,A,8737,2,14,23,30,42,66,23.0,95,68,25,
2000,27067,St. Catharines,"Argyle Cres., Pump Stn.",A,8614,0,9,17,26,39,63,18.9,89,70,14,
2000,28028,Guelph,Exhibition St./Clark St. W.,A,4164,4,14,22,30,43,68,INS,88,59,11,
2000,29000,Hamilton Downtown,Elgin St./Kelly St.,A,8748,0,7,15,23,37,62,17.0,88,57,12,
2000,29114,Hamilton Mountain,Vickers Rd./E. 18th St.,A,8368,2,13,21,29,43,69,22.6,93,74,22,
2000,29118,Hamilton West,Main St. W./Hwy 403,A,8749,0,6,15,24,35,61,16.9,88,55,8,
2000,31103,Toronto Downtown,Bay St./Wellesley St. W.,A,8571,3,10,17,25,39,62,19.7,99,54,12,
2000,33003,Toronto East,Kennedy Rd./Lawrence Ave. E.,A,8631,3,10,18,25,39,61,19.6,88,54,11,
2000,34020,Toronto North,Hendon Ave./Yonge St.,A,8738,4,10,20,28,39,59,20.6,88,57,8,
2000,35003,Etobicoke West,"Elmcrest Rd., Centennial Park",A,8737,3,8,18,26,41,66,20.1,97,62,24,
2000,36030,York,Clearview Hts./Keele St.,I,8681,3,8,17,26,39,64,19.3,94,54,15,
2000,44008,Burlington,North Shore Blvd. E./Lakeshore Rd.,A,8749,4,13,22,31,44,65,23.4,89,61,14,
2000,44015,Oakville,Bronte Rd./Woburn Cres.,A,8419,3,10,20,29,41,63,21.0,93,62,12,
2000,45025,Oshawa,Ritson Rd. Public School,A,8709,4,13,21,28,37,59,21.2,99,51,6,
2000,46089,Brampton,"525 Main St. N., Peel Manor",A,4398,2,10,20,28,42,66,INS,90,58,10,
2000,46110,Mississauga,Mississauga General Hospital,A,8735,3,8,18,26,42,66,19.9,95,60,21,
2000,47005,Georgian Bay South,"1385 River Rd. E., Wasaga Beach",A,2620,1,10,17,24,39,66,INS,81,52,1,
2000,48002,Stouffville,Hwy 47/ E. Of Hwy 48,A,8691,9,21,28,33,43,65,27.5,90,58,15,
2000,49010,Dorset,Hwy 117/Paint Lake Rd.,A,8659,11,22,30,36,45,66,29.3,86,59,13,
2000,51001,Ottawa Downtown,Rideau St./Wurtemburg St.,A,8644,4,12,20,26,35,49,19.9,69,42,0,
2000,52020,Kingston,133 Dalton St.,A,8694,0,9,19,27,37,58,19.1,91,55,8,
2000,56051,Cornwall,Bedford St./3rd St. W.,A,8158,8,17,24,30,39,56,24.0,73,61,0,
2000,59006,Peterborough,10 Hospital Dr.,A,8647,9,21,28,35,45,68,28.1,106,60,17,
2000,62200,Fort Frances,"Armit Ave./4th Street, Robert Moore P.S.",I,7348,12,20,26,31,38,52,25.4,67,50,0,
2000,63200,Thunder Bay,"615 James St. S., MTO",A,8750,4,15,24,31,38,49,22.6,73,62,0,
2000,71068,Sault Ste. Marie,Wm. Merrifield School,A,8395,6,17,25,32,41,58,24.8,82,63,1,
2000,75010,North Bay,"Chippewa St. W., Dept. National Defence",A,8617,5,15,23,29,37,51,22.1,67,46,0,
2000,77203,Sudbury,Science North,A,8470,10,20,26,32,41,57,26.1,95,53,1,
1999,12008,Windsor Downtown,467 University Ave. W.,A,8604,1,9,19,28,47,83,21.7,112,77,106,
1999,12016,Windsor West,College Ave./South St.,A,8430,0,6,15,25,44,80,18.9,129,67,79,
1999,14064,Sarnia,"Front St. N./CN Tracks, Centennial Park",A,8556,4,16,25,34,47,80,26.5,145,68,85,
1999,14118,Mandaumin,Concession Rd. 26,A,8286,8,19,27,35,51,85,29.0,135,77,145,
1999,15009,Longwoods,Longwoods Conservation Authority,A,7282,5,16,25,33,49,85,26.5,114,66,102,
1999,15013,Parkhill,Puc Building,A,6386,9,20,27,36,54,88,INS,116,78,128,
1999,15020,Grand Bend,Point Blake Conservation Area,A,7067,10,23,30,38,57,96,32.5,130,84,211,
1999,15025,London,900 Highbury Ave. N.,A,8688,4,15,23,31,50,83,25.8,117,77,110,
1999,18007,Tiverton,4th Concession/Bruce Rd. 23,A,5061,16,26,32,40,66,101,INS,139,86,243,
1999,22901,Long Point,Provincial Park,A,8336,15,25,33,41,62,94,35.6,119,83,272,
1999,26060,Kitchener,West Ave./Homewood Ave.,A,8702,1,14,24,33,48,78,25.2,116,81,77,
1999,27067,St. Catharines,"Argyle Cres., Pump Stn.",A,8589,0,11,20,29,45,76,21.7,98,70,42,
1999,29000,Hamilton Downtown,Elgin St./Kelly St.,A,8431,0,9,17,25,41,70,19.5,93,67,24,
1999,29114,Hamilton Mountain,Vickers Rd./E. 18th St.,A,8719,2,14,22,31,47,74,24.1,91,70,28,
1999,29118,Hamilton West,Main St. W./Hwy 403,A,8676,2,9,18,27,41,70,20.0,94,70,22,
1999,31103,Toronto Downtown,Bay St./Wellesley St. W.,A,7681,3,9,17,26,43,71,20.2,96,60,26,
1999,33003,Toronto East,Kennedy Rd./Lawrence Ave. E.,A,8711,1,9,19,28,46,79,21.5,113,67,77,
1999,34020,Toronto North,Hendon Ave./Yonge St.,A,8721,3,11,21,31,45,72,22.8,105,66,43,
1999,35003,Etobicoke West,"Elmcrest Rd., Centennial Park",A,5835,2,6,16,25,37,65,INS,106,46,14,
1999,36030,York,Clearview Hts./Keele St.,I,7027,3,9,20,31,48,82,23.3,112,65,78,
1999,44008,Burlington,North Shore Blvd. E./Lakeshore Rd.,A,7335,4,14,24,35,51,78,26.2,112,67,60,
1999,44015,Oakville,Bronte Rd./Woburn Cres.,A,7007,1,10,21,30,45,74,22.4,93,56,34,
1999,45025,Oshawa,Ritson Rd. Public School,A,8730,5,15,24,33,45,72,25.0,113,61,52,
1999,46110,Mississauga,Mississauga General Hospital,A,8703,2,10,19,29,46,82,22.2,107,68,97,
1999,48002,Stouffville,Hwy 47/ E. Of Hwy 48,A,8732,9,22,30,39,53,82,31.2,122,86,102,
1999,49010,Dorset,1026 Bellwood Acres Rd.,A,8096,11,24,31,38,48,74,31.0,101,68,37,
1999,51001,Ottawa Downtown,Rideau St./Wurtemburg St.,A,8592,3,13,20,27,38,61,21.2,90,55,7,
1999,52020,Kingston,133 Dalton St.,A,7926,1,10,20,29,44,74,21.5,103,61,40,
1999,56051,Cornwall,Bedford St./3rd St. W.,A,8275,5,17,24,32,46,73,25.8,99,75,32,
1999,59006,Peterborough,10 Hospital Dr.,A,8716,10,23,30,38,51,82,31.4,109,71,100,
1999,62200,Fort Frances,"Armit Ave./4th Street, Robert Moore P.S.",I,8660,8,18,25,32,43,65,25.7,83,71,3,
1999,63200,Thunder Bay,"615 James St. S., MTO",A,8410,3,14,23,30,40,57,22.5,79,67,0,
1999,71068,Sault Ste. Marie,Wm. Merrifield School,A,7869,4,16,24,31,44,68,24.1,88,68,8,
1999,75010,North Bay,"Chippewa St. W., Dept. National Defence",A,8595,7,19,29,38,49,77,29.1,108,70,55,
1999,77203,Sudbury,Science North,A,8727,12,23,30,37,50,77,30.7,97,77,56,
1998,12008,Windsor Downtown,467 University Ave. W.,A,8670,2,8,16,27,50,80,21.4,123,82,87,
1998,12016,Windsor West,College Ave./South St.,A,8249,1,5,14,25,45,75,18.7,113,65,51,
1998,14064,Sarnia,"Front St. N./CN Tracks, Centennial Park",A,8696,3,14,24,34,50,83,26.1,125,76,106,
1998,14118,Mandaumin,Concession Rd. 26,A,8316,9,20,28,36,52,85,29.9,127,69,129,
1998,15009,Longwoods,Longwoods Conservation Authority,A,8740,4,15,24,33,49,77,25.9,108,62,59,
1998,15013,Parkhill,Puc Building,A,8568,8,18,26,35,52,85,28.7,132,79,123,
1998,15020,Grand Bend,Point Blake Conservation Area,A,8705,10,22,30,37,53,85,31.2,138,74,130,
1998,15025,London,900 Highbury Ave. N.,A,8722,4,14,21,30,52,84,25.1,107,73,123,
1998,18007,Tiverton,4th Concession/Bruce Rd. 23,A,8608,14,25,31,37,51,82,32.2,123,76,97,
1998,22901,Long Point,Provincial Park,A,7605,13,21,29,39,61,93,32.9,120,80,226,
1998,26060,Kitchener,West Ave./Homewood Ave.,A,8416,2,14,23,33,50,81,25.4,137,90,89,
1998,27067,St. Catharines,"Argyle Cres., Pump Stn.",A,7770,2,8,17,27,46,75,20.8,109,71,39,
1998,29000,Hamilton Downtown,Elgin St./Kelly St.,A,8625,1,8,16,25,43,71,19.1,95,64,19,
1998,29114,Hamilton Mountain,Vickers Rd./E. 18th St.,A,8511,1,13,21,31,50,78,24.1,124,76,74,
1998,29118,Hamilton West,Main St. W./Hwy 403,A,8242,1,7,16,25,43,73,19.3,91,66,34,
1998,31103,Toronto Downtown,Bay St./Wellesley St. W.,A,8362,2,7,14,23,39,67,17.8,136,58,22,
1998,33003,Toronto East,Kennedy Rd./Lawrence Ave. E.,A,8225,2,8,16,27,47,77,20.5,130,70,59,
1998,34020,Toronto North,Hendon Ave./Yonge St.,A,8542,3,11,20,30,44,72,22.0,112,59,34,
1998,35003,Etobicoke West,"Elmcrest Rd., Centennial Park",A,7827,2,7,17,27,44,74,20.2,134,77,37,
1998,36030,York,Clearview Hts./Keele St.,I,8637,2,7,16,26,45,73,19.9,140,58,41,
1998,44008,Burlington,North Shore Blvd. E./Lakeshore Rd.,A,8015,3,11,20,30,44,70,22.5,104,60,12,
1998,44015,Oakville,Bronte Rd./Woburn Cres.,A,8700,1,9,20,30,46,72,21.8,109,58,36,
1998,45025,Oshawa,Ritson Rd. Public School,A,8609,3,13,22,31,43,68,23.1,105,53,23,
1998,46110,Mississauga,Mississauga General Hospital,A,8186,2,8,17,27,46,76,20.8,110,63,57,
1998,48002,Stouffville,Hwy 47/ E. Of Hwy 48,A,8445,10,22,30,39,53,81,31.4,131,74,95,
1998,49010,Dorset,1026 Bellwood Acres Rd.,A,8515,12,23,30,37,49,70,30.6,108,62,26,
1998,51001,Ottawa Downtown,Rideau St./Wurtemburg St.,A,8387,2,11,17,25,37,60,19.1,95,62,3,
1998,52020,Kingston,133 Dalton St.,A,8455,1,10,20,28,43,71,21.5,105,72,35,
1998,56051,Cornwall,Bedford St./3rd St. W.,A,8742,4,16,23,30,45,67,24.2,97,75,21,
1998,59006,Peterborough,10 Hospital Dr.,A,726,3,14,21,27,35,39,INS,40,34,0,
1998,62200,Fort Frances,"Armit Ave./4th Street, Robert Moore P.S.",I,8726,12,22,27,33,42,56,27.3,78,56,0,
1998,63200,Thunder Bay,"615 James St. S., MTO",A,8541,3,14,22,29,37,52,21.5,69,50,0,
1998,71068,Sault Ste. Marie,Wm. Merrifield School,A,8527,4,15,22,29,40,56,22.3,98,62,10,
1998,75010,North Bay,"Chippewa St. W., Dept. National Defence",A,8578,7,19,26,34,47,70,27.4,95,69,23,
1998,77203,Sudbury,Science North,A,7485,12,21,27,34,48,71,29.1,103,65,26,
1997,12008,Windsor Downtown,467 University Ave. W.,A,8609,2,8,17,28,44,74,20.7,107,64,56,
1997,12016,Windsor West,College Ave./South St.,A,8576,1,6,14,24,40,69,17.9,105,60,30,
1997,14064,Sarnia,"Front St. N./CN Tracks, Centennial Park",A,8536,4,15,24,32,44,70,24.5,105,64,15,
1997,14118,Mandaumin,Concession Rd. 26,A,8353,8,19,27,35,47,75,27.9,107,70,57,
1997,15009,Longwoods,Longwoods Conservation Authority,A,8567,5,16,25,33,47,72,25.9,97,59,38,
1997,15013,Parkhill,Puc Building,A,8557,8,19,28,35,49,77,28.3,112,76,55,
1997,15020,Grand Bend,Point Blake Conservation Area,A,8565,11,23,31,38,50,80,31.2,146,68,78,
1997,15025,London,900 Highbury Ave. N.,A,8524,4,13,21,29,45,74,22.8,97,77,48,
1997,18007,Tiverton,4th Concession/Bruce Rd. 23,A,8663,15,26,32,38,48,77,32.5,146,80,63,
1997,22901,Long Point,Provincial Park,A,6830,16,27,32,40,58,94,35.2,119,87,171,
1997,26060,Kitchener,West Ave./Homewood Ave.,A,8571,2,14,22,31,44,68,23.4,88,74,20,
1997,27067,St. Catharines,"Argyle Cres., Pump Stn.",A,8287,1,11,19,27,42,68,20.9,92,65,16,
1997,29000,Hamilton Downtown,Elgin St./Kelly St.,A,8706,1,8,15,24,38,66,18.1,88,72,15,
1997,29114,Hamilton Mountain,Vickers Rd./E. 18th St.,A,8683,2,12,21,29,43,73,22.2,100,80,30,
1997,29118,Hamilton West,Main St. W./Hwy 403,A,8448,1,8,16,25,38,68,18.6,87,74,17,
1997,31103,Toronto Downtown,Bay St./Wellesley St. W.,A,3164,2,5,10,16,25,46,INS,60,34,0,
1997,31303,Toronto,Queen/University,A,4986,2,7,12,19,29,55,INS,86,49,3,
1997,33003,Toronto East,Kennedy Rd./Lawrence Ave. E.,A,8081,1,7,15,24,39,69,18.0,102,55,31,
1997,34020,Toronto North,Hendon Ave./Yonge St.,A,8422,3,11,20,29,42,68,21.6,95,65,26,
1997,35003,Etobicoke West,"Elmcrest Rd., Centennial Park",A,8345,3,8,16,26,40,68,19.4,96,65,29,
1997,36030,York,Clearview Hts./Keele St.,I,8296,2,7,16,25,39,67,18.4,103,56,33,
1997,44008,Burlington,North Shore Blvd. E./Lakeshore Rd.,A,8575,3,11,20,28,43,68,21.7,92,67,14,
1997,44015,Oakville,Bronte Rd./Woburn Cres.,A,8695,2,9,19,28,42,69,20.8,101,72,26,
1997,45025,Oshawa,Ritson Rd. Public School,A,8547,4,14,22,30,41,68,23.2,97,60,38,
1997,46110,Mississauga,Mississauga General Hospital,A,8366,2,9,18,27,40,69,20.0,100,69,28,
1997,48002,Stouffville,Hwy 47/ E. Of Hwy 48,A,8632,10,22,30,37,49,76,30.1,108,74,54,
1997,49010,Dorset,1026 Bellwood Acres Rd.,A,8662,13,24,31,37,47,68,30.9,108,58,23,
1997,51001,Ottawa Downtown,Rideau St./Wurtemburg St.,A,8653,2,12,20,27,39,60,20.5,90,71,5,
1997,52020,Kingston,133 Dalton St.,A,8739,1,10,19,27,39,69,20.1,100,68,29,
1997,56051,Cornwall,Bedford St./3rd St. W.,A,8755,3,14,22,30,41,67,22.8,96,66,14,
1997,59006,Peterborough,10 Hospital Dr.,A,4065,13,25,31,36,44,62,INS,85,55,2,
1997,63200,Thunder Bay,"615 James St. S., MTO",A,8572,4,16,25,32,40,57,23.9,75,58,0,
1997,71068,Sault Ste. Marie,Wm. Merrifield School,A,8502,6,17,25,32,42,62,24.9,83,63,3,
1997,75010,North Bay,"Chippewa St. W., Dept. National Defence",A,8675,6,19,27,34,45,66,26.6,100,67,30,
1997,77203,Sudbury,Science North,A,8678,12,21,27,33,44,69,28.0,103,78,33,
1996,12008,Windsor Downtown,467 University Ave. W.,A,8722,2,8,17,26,44,76,20.3,106,65,71,
1996,12016,Windsor West,College Ave./South St.,A,8649,1,7,16,27,47,84,20.8,116,66,112,
1996,14064,Sarnia,"Front St. N./CN Tracks, Centennial Park",A,8562,5,15,23,33,46,75,25.2,103,68,49,
1996,14118,Mandaumin,Concession Rd. 26,A,8683,6,15,22,30,41,69,23.4,98,62,25,
1996,15009,Longwoods,Longwoods Conservation Authority,A,8488,5,16,25,34,47,75,26.2,106,61,49,
1996,15013,Parkhill,Puc Building,A,7532,8,18,26,33,47,78,27.1,105,72,64,
1996,15020,Grand Bend,Point Blake Conservation Area,A,8747,11,23,32,39,50,82,31.9,116,81,99,
1996,15025,London,900 Highbury Ave. N.,A,8543,4,12,20,28,46,79,23.1,105,74,71,
1996,18007,Tiverton,4th Concession/Bruce Rd. 23,A,8741,14,25,32,38,48,78,32.0,105,84,72,
1996,22901,Long Point,Provincial Park,A,7471,13,24,32,40,57,87,33.5,129,88,129,
1996,26060,Kitchener,West Ave./Homewood Ave.,A,8480,3,13,22,32,45,70,23.8,92,61,15,
1996,27067,St. Catharines,"Argyle Cres., Pump Stn.",A,8519,0,10,18,27,42,69,20.3,90,57,19,
1996,27072,Niagara Falls,Stanley Ave/Hwy 420,A,5418,9,20,29,36,50,72,INS,94,68,23,
1996,28028,Guelph,Exhibition St./Clark St. W.,A,6037,4,18,26,33,46,68,INS,85,53,4,
1996,29000,Hamilton Downtown,Elgin St./Kelly St.,A,8764,1,6,15,23,38,63,17.3,92,47,5,
1996,29105,Hamilton,Nash Rd/Kentley Dr,A,5701,2,13,21,28,40,66,INS,87,53,7,
1996,29114,Hamilton Mountain,Vickers Rd./E. 18th St.,A,8728,1,10,18,28,43,72,20.8,101,60,13,
1996,29118,Hamilton West,Main St. W./Hwy 403,A,8560,1,4,15,24,38,64,17.3,92,47,8,
1996,31303,Toronto,Queen/University,A,8624,1,4,9,16,27,45,12.2,72,38,0,
1996,33003,Toronto East,Kennedy Rd./Lawrence Ave. E.,A,8373,2,8,16,25,40,69,18.9,102,54,21,
1996,34020,Toronto North,Hendon Ave./Yonge St.,A,8628,0,5,14,23,35,59,16.4,91,42,6,
1996,35003,Etobicoke West,"Elmcrest Rd., Centennial Park",A,8549,0,5,14,24,38,59,17.1,81,42,1,
1996,36030,York,Clearview Hts./Keele St.,I,8390,2,6,15,26,41,72,18.8,102,48,48,
1996,44008,Burlington,North Shore Blvd. E./Lakeshore Rd.,A,8680,3,10,20,30,45,74,22.4,105,55,51,
1996,44015,Oakville,Bronte Rd./Woburn Cres.,A,8522,1,8,18,29,45,72,21.1,101,54,38,
1996,45025,Oshawa,Ritson Rd. Public School,A,8585,5,13,21,29,39,61,21.9,93,50,9,
1996,46110,Mississauga,Mississauga General Hospital,A,8164,2,8,17,26,40,68,19.3,93,50,16,
1996,47037,Egbert,Sideroad 10/ Cowc 8,A,6513,15,25,33,39,50,74,INS,96,61,30,
1996,48002,Stouffville,Hwy 47/ E. Of Hwy 48,A,8409,8,18,25,32,46,71,26.4,100,69,40,
1996,49010,Dorset,1026 Bellwood Acres Rd.,A,8625,11,21,28,35,45,63,28.6,89,65,14,
1996,51001,Ottawa Downtown,Rideau St./Wurtemburg St.,A,7862,2,9,18,26,37,55,18.9,83,53,3,
1996,52020,Kingston,133 Dalton St.,A,8621,1,10,20,28,40,66,21.0,83,62,8,
1996,56051,Cornwall,Bedford St./3rd St. W.,A,8357,3,13,20,27,40,60,20.9,86,57,3,
1996,59006,Peterborough,10 Hospital Dr.,A,8739,7,18,25,33,44,67,26.0,90,64,18,
1996,62030,Fort Frances,Portage/Church St.,I,7956,13,22,28,34,42,56,27.8,111,57,3,
1996,63120,Thunder Bay,Cloud River,A,4004,16,27,33,37,44,56,INS,72,53,0,
1996,63200,Thunder Bay,"615 James St. S., MTO",A,8763,3,14,22,28,36,47,21.0,64,44,0,
1996,71068,Sault Ste. Marie,Wm. Merrifield School,A,8708,5,14,22,30,41,56,22.8,94,64,14,
1996,75010,North Bay,"Chippewa St. W., Dept. National Defence",A,8368,7,18,26,32,42,62,25.4,99,68,19,
1996,77203,Sudbury,Science North,A,8603,12,21,27,34,45,62,28.1,90,66,6,
1995,12008,Windsor Downtown,467 University Ave. W.,A,8710,1,7,15,23,41,74,18.3,109,51,57,
1995,12016,Windsor West,College Ave./South St.,A,8602,0,6,15,24,45,78,19.3,115,62,72,
1995,14064,Sarnia,"Front St. N./CN Tracks, Centennial Park",A,8444,3,14,21,28,40,72,22.2,127,67,34,
1995,14118,Mandaumin,Concession Rd. 26,A,8458,6,16,23,30,41,69,24.0,124,64,35,
1995,15001,London,"Fair Grounds, King/Rectory",A,4017,2,12,20,27,40,70,INS,97,74,21,
1995,15009,Longwoods,Longwoods Conservation Authority,A,8433,6,18,26,33,46,72,26.7,99,61,27,
1995,15013,Parkhill,Puc Building,A,8707,8,19,27,33,47,77,27.5,121,69,64,
1995,15020,Grand Bend,Point Blake Conservation Area,A,8559,11,23,31,37,50,83,31.3,157,73,105,
1995,15025,London,900 Highbury Ave. N.,A,4262,3,11,17,28,49,76,INS,140,74,27,
1995,18007,Tiverton,4th Concession/Bruce Rd. 23,A,8543,15,25,31,36,48,78,31.6,142,79,64,
1995,22071,Simcoe,"Hwy 3/Blue Line Rd., Experimental Farm",A,8288,11,21,28,36,54,85,30.7,118,87,119,
1995,22901,Long Point,Provincial Park,A,7904,12,22,29,35,54,88,31.0,121,67,128,
1995,26060,Kitchener,West Ave./Homewood Ave.,A,8684,3,16,24,31,47,75,25.1,102,72,55,
1995,27067,St. Catharines,"Argyle Cres., Pump Stn.",A,8662,1,11,19,26,40,67,20.5,89,70,11,
1995,27072,Niagara Falls,Stanley Ave/Hwy 420,A,8506,5,14,22,30,45,74,24.0,100,77,44,
1995,28028,Guelph,Exhibition St./Clark St. W.,A,8058,2,13,21,28,42,71,22.1,108,65,25,
1995,29000,Hamilton Downtown,Elgin St./Kelly St.,A,8686,1,8,15,23,40,69,18.0,98,75,27,
1995,29105,Hamilton,Nash Rd/Kentley Dr,A,8633,0,10,18,26,43,71,20.2,99,71,37,
1995,29114,Hamilton Mountain,Vickers Rd./E. 18th St.,A,8596,1,11,18,26,42,71,20.4,102,66,33,
1995,29118,Hamilton West,Main St. W./Hwy 403,A,8639,0,7,16,24,40,70,18.1,100,77,34,
1995,31103,Toronto Downtown,Bay St./Wellesley St. W.,A,7217,3,9,15,24,37,65,18.1,107,51,10,
1995,31303,Toronto,Queen/University,A,1217,1,4,6,9,15,27,INS,30,19,0,
1995,33003,Toronto East,Kennedy Rd./Lawrence Ave. E.,A,8342,1,9,16,25,41,76,19.3,111,58,52,
1995,34020,Toronto North,Hendon Ave./Yonge St.,A,8687,1,8,17,25,38,68,18.6,108,67,28,
1995,35003,Etobicoke West,"Elmcrest Rd., Centennial Park",A,8604,0,6,14,22,35,63,16.3,96,54,17,
1995,35033,Etobicoke South,185 Judson St.,A,8446,0,5,12,21,39,73,16.5,117,60,45,
1995,36030,York,Clearview Hts./Keele St.,I,8364,1,6,15,24,38,70,17.8,98,56,41,
1995,44008,Burlington,North Shore Blvd. E./Lakeshore Rd.,A,8428,3,11,19,27,45,77,21.8,115,64,61,
1995,44015,Oakville,Bronte Rd./Woburn Cres.,A,8355,1,10,19,27,41,71,20.4,110,53,47,
1995,45025,Oshawa,Ritson Rd. Public School,A,8503,5,13,22,29,40,70,22.7,116,54,35,
1995,46110,Mississauga,Mississauga General Hospital,A,5877,2,8,15,23,44,77,INS,103,63,46,
1995,46117,Mississauga,"Apple Lane, Meadowood Park",I,3685,3,15,25,33,46,69,INS,102,58,12,
1995,47037,Egbert,Sideroad 10/ Cowc 8,A,8224,12,22,29,34,45,72,28.9,106,70,32,
1995,48002,Stouffville,Hwy 47/ E. Of Hwy 48,A,8240,7,18,24,29,41,69,24.4,104,65,29,
1995,49010,Dorset,1026 Bellwood Acres Rd.,A,7262,14,24,30,37,48,74,30.9,108,70,41,
1995,51001,Ottawa Downtown,Rideau St./Wurtemburg St.,A,8572,4,13,20,27,37,63,20.9,99,63,24,
1995,52020,Kingston,133 Dalton St.,A,8407,0,11,20,28,42,70,21.0,114,61,45,
1995,56051,Cornwall,Bedford St./3rd St. W.,A,8546,4,16,23,29,42,68,23.5,91,74,29,
1995,59006,Peterborough,10 Hospital Dr.,A,6550,9,20,26,32,46,75,INS,110,74,36,
1995,62030,Fort Frances,Portage/Church St.,I,8728,13,21,27,32,41,55,26.9,67,55,0,
1995,63120,Thunder Bay,Cloud River,A,8682,11,23,30,35,42,59,28.5,73,54,0,
1995,63200,Thunder Bay,"615 James St. S., MTO",A,8690,3,14,22,28,36,54,20.8,69,51,0,
1995,71068,Sault Ste. Marie,Wm. Merrifield School,A,8298,7,17,24,30,39,60,23.9,90,57,6,
1995,75010,North Bay,"Chippewa St. W., Dept. National Defence",A,8562,7,20,28,33,43,75,27.1,108,69,41,
1995,77203,Sudbury,Science North,A,8582,13,22,28,35,47,72,29.7,101,71,32,